2020-03-17 18:45:00 UTC <Bitcoin> If we named every price drop like hurricanes, what would you call them?
2020-03-17 17:25:47 UTC <Bitcoin> Brrrr brrrrr  ğŸ–¨ï¸ğŸ’· ğŸ–¨ï¸ğŸ’· ğŸ–¨ï¸ğŸ’· https://twitter.com/Brexit/status/1239964605557817349Â â€¦
2020-03-17 15:52:46 UTC <Bitcoin> Print ğŸ’¸ Print ğŸ’¸ Print ğŸ’¸ https://twitter.com/IMFNews/status/1239942263075213314Â â€¦
2020-03-17 13:48:00 UTC <Bitcoin> Bitcoin is a monetary (r)evolution.
2020-03-16 18:05:00 UTC <Bitcoin> Global debt has reached $250 trillion BEFORE the crisis.  What happens after it?    ğŸ–¨ï¸ğŸ’¸ğŸ’¸
2020-03-16 13:37:00 UTC <Bitcoin> Buy Bitcoin.   Buy Freedom.
2020-03-17 21:38:47 UTC <wentommy> å—¯
2020-03-17 20:11:06 UTC <wentommy> ä¸çŸ¥ä¸è§‰ä¸¤æ–¤ç¾Šè‚‰ç‰‡ä¸‹è‚šï¼Œå¥½ä¹…æ²¡æœ‰åƒæ’‘çš„ä½“æ„Ÿäº†â€¦â€¦ é‡åº†ç«é”…ï¼Œå“ªæ€•æ˜¯å°ï¼Œä¹Ÿå¾—èŠ‚åˆ¶ã€‚ ä¸¤ä¸ªæœˆè·‘æ­¥çš„æˆæœæˆ–æ¯äºä¸€å®µï¼Œä¹Ÿæ²¡æœ‰ä½“èƒ½å¿ƒæ°”ï¼Œæ˜æ™šè·‘ä¸‰åå…¬é‡Œç»™æ‰¾è¡¥å›æ¥å‘€å‘€ã€‚
2020-03-17 18:12:56 UTC <wentommy> è¿‘å¹´æ¥ï¼Œé¢‡æœ‰ä¸€äº›ä¸çŸ¥è¶£çš„å¤–åª’ï¼Œè·‘åˆ°ä¸­å›½å¤§é™†æ¥ææ‰€è°“æ–°é—»ç›‘ç£ï¼Œè¿˜è¯•å›¾è®²æ»¡å¤§äººï¼ˆ mandarinï¼‰ã€‚ ä»–ä»¬å¿˜äº†ï¼Œè¿™ç‰‡å¤§é™†ï¼Œå·²ç»ä¸æ˜¯è¥¿å¤ªåæ—¶ä»£çš„å¤§æ¸…ï¼Œä¹Ÿä¸æ˜¯è’‹ä¸­æ­£æ—¶æœŸçš„æ°‘å›½ã€‚ ä¸­å›½äººæ°‘åœ¨æ¯›ä¸»å¸­çš„å¸®åŠ©ä¸‹ï¼Œå·²ç»ç«™èµ·æ¥äº†ã€‚ ä¸­å›½ç½‘ç»œåœ¨æ–¹æ ¡é•¿çš„æŒ‡å¯¼ä¸‹ï¼Œä¹Ÿå·²ç»ç‹¬ç«‹äº†ã€‚ https://wentommy.wordpress.com/2017/05/03/%e8%ae%b2%e4%b8%ad%e6%96%87%e7%9a%84%e6%ad%a3%e7%a1%ae%e5%a7%bf%e5%8a%bf/Â â€¦
2020-03-17 17:39:35 UTC <wentommy> å·æ™®æ€»ç»Ÿæ˜¯å¿«ç”Ÿæ—¥äº†éº½ï¼Œé€å¦‚æ­¤åšä¸€ä»½ç¤¼ã€‚ Fake News å›¢ä¼™ä¸€ä¸‹è¢«å¹²æ‰ä»¨ã€‚ è¦æ˜¯å†è¡¥ä¸€ä¸ªCNNï¼Œå‡‘æˆF4å¤§ç¤¼åŒ…ï¼Œå¤§ç»Ÿé¢†ä¸€æ„ŸåŠ¨ï¼Œæ²¡å‡†å„¿å°±æ”¹å£ä¸ºAmerican Virus. pic.twitter.com/rF1yLupUQV
2020-03-17 16:36:46 UTC <wentommy> å•äººæ·±å¤œå°è¾£é”…ï¼Œèµ°ä¸€æ‰ã€‚ğŸ» pic.twitter.com/Imlqc6gSft
2020-03-17 09:38:46 UTC <wentommy> æˆ´å£ç½©å‡ºé—¨ï¼Œè¿˜æŒºé…åˆã€‚ pic.twitter.com/eCJbUkpwF2
2020-03-16 16:40:37 UTC <wentommy> æŸç½‘å‹ï¼šæ–‡ç« å‰¯æ ‡é¢˜æ‹Ÿä½œâ€å¥¥å˜å¥¥å˜å¥¥å˜â€ä¼¼è¾ƒä¸ºåº”æ™¯ã€å¦¥å½“ã€‚
2020-03-16 16:27:01 UTC <wentommy> â€œåè¶…â€ç®—å‡†ä¸“ä¸šä½“è‚²æœ¯è¯­ï¼Œå¸¸å‡ºç°äºçƒç±»æ¯”èµ›è§£è¯´ä¸­ï¼Œä¼´éšç€çš„æ˜¯åè¶…ä¸€æ–¹çƒè¿·çš„å…´é«˜é‡‡çƒˆã€‚ ç”¨äºç–«æƒ…æŠ¥é“ï¼Œç›¸å½“åœ°ä¸åˆé€‚å§ã€‚
2020-03-16 16:10:27 UTC <wentommy> æ‰‘é¢è€Œæ¥çš„å¹¸ç¾ä¹ç¥¸ã€‚ å¦‚æ­¤æ ¼å±€èƒ¸è¥Ÿï¼Œè¿˜äººç±»å‘½è¿å…±åŒä½“å‘¢ã€‚ pic.twitter.com/suIr1mBBdN
2020-03-16 15:47:55 UTC <wentommy> å››å·è…Šè‚‰ç‚’æ¹–å—ç†å¹²ï¼Œäº‘ä¸€æ‰ã€‚ğŸ» pic.twitter.com/SEhkYzIwZf
2020-03-16 10:55:31 UTC <wentommy> æ•²ç€å°é¼“æ‰¾çŒ«å’ªã€‚ pic.twitter.com/T7VdmJ1M9F
2020-03-16 10:02:05 UTC <wentommy> å“ˆå“ˆ
2020-03-18 00:17:08 UTC <i0n1c> I meanwhile learned that Singapore doesnâ€™t support it (yet?)
2020-03-18 00:16:06 UTC <i0n1c> It sucks a lot when you hear that even in Germany friends/family might lose their job over #covid19 - still better than losing their life though.
2020-03-18 00:14:12 UTC <i0n1c> The question is how they have CT scans before the illness. Because the patients usually only get to hospital after signs of pneumonia. Also the sample size of 12 is just too low
2020-03-18 00:12:41 UTC <i0n1c> Haha yeah i have done a lung capacity test because due to allergy i used to have breathing problems a lot when younger. I just donâ€™t know how they have some comparisons
2020-03-17 15:17:38 UTC <i0n1c> They looked at 12 recovered patients and 2 or 3 had reduced lung capacity (how do they even know the state of lung before and how do they know it is permanent) https://twitter.com/chriseng/status/1239931462897541125Â â€¦
2020-03-17 07:48:21 UTC <i0n1c> I must be doing something wrong because of i want to use my phone as express travel card in #Singapore it still requires double clicking.
2020-03-17 03:23:38 UTC <i0n1c> For the account.
2020-03-17 02:31:24 UTC <i0n1c> Hey @dbs_care is it normal that 17 of march there is no estatement for the previous month (February) yet?
2020-03-17 02:28:56 UTC <i0n1c> Well when you look in Japanese history books you will miss a bunch of chapters.
2020-03-17 02:14:50 UTC <i0n1c> With the quarantine @youtube and @twitch and @pornhub likely have the time of their life.
2020-03-17 02:10:53 UTC <i0n1c> The same government who controls school books and how they portray the history and world war 2 ğŸ¤·ğŸ»â€â™‚ï¸ https://twitter.com/hirokotabuchi/status/1239602529547300864Â â€¦
2020-03-17 02:03:00 UTC <i0n1c> I must say i am a bit puzzled by #Singapore travel banning europe but not US who are finally starting to get people tested and are already at over 4000 cases with potentially tens if thousands beint already infected.
2020-03-17 01:43:20 UTC <i0n1c> Just cancel the damn olympics. Maybe that makes them wake up. https://twitter.com/pinboard/status/1239727233347932160Â â€¦
2020-03-17 01:28:24 UTC <i0n1c> So starting today my hometown in #germany even closes restaurants. I guess this is required seeing how it spreads and people still not waking up.
2020-03-17 01:24:48 UTC <i0n1c> It is impossible to prevent someone like patient 31 who intentionally went to crowded areas to infect as many as possible. https://twitter.com/ExcludedMuddle/status/1239719454222630912Â â€¦
2020-03-16 04:09:07 UTC <i0n1c> Well the CEO of that company was US american. he really met POTUS to talk about vaccine beginning of March. Then one week later he was replaced as CEO without explanation by one of the founders of the company.
2020-03-16 02:32:55 UTC <i0n1c> I would urge social networks like @InterNationsorg to shutdown the ability to create offline events for a while.
2020-03-16 02:32:55 UTC <i0n1c> A bunch of members of @InterNationsorg are just nuts. They keep creating events to gather and meet in groups in public. And then the description says nonsense like:if you feel unwell donâ€™t attend.When will it get into their heads that you can have and spread the virus long before
2020-03-16 01:21:05 UTC <i0n1c> Yeah i mentioned it in other tweet already - but it is officially unknown why he was replaced. So any guess to why is just a guess/hope
2020-03-18 13:03:50 UTC <elonmusk> Yeah. There was also an early engine shutdown on ascent, but it didnâ€™t affect orbit insertion. Shows value of having 9 engines! Thorough investigation needed before next mission.
2020-03-18 05:18:31 UTC <elonmusk> ğŸ¤£ğŸ¤£
2020-03-18 05:07:45 UTC <elonmusk> Because polygon doesnâ€™t rhyme
2020-03-18 05:06:15 UTC <elonmusk> Yeah
2020-03-18 05:02:22 UTC <elonmusk> Awe tow co wrecked
2020-03-18 04:52:13 UTC <elonmusk> Abysmal autocorrect might be the #1 reason people donâ€™t fear AI
2020-03-18 04:27:44 UTC <elonmusk> Fear the memesphere
2020-03-18 04:22:15 UTC <elonmusk> Wild times â€¦
2020-03-18 03:30:21 UTC <elonmusk> Exactly
2020-03-18 01:01:51 UTC <elonmusk> Seems to be happening a lot
2020-03-17 23:42:03 UTC <elonmusk> Very sensible. Knows how to handle exponential functions in reality.
2020-03-17 20:35:24 UTC <elonmusk> Whether Z-pak works in this situation or not, itâ€™s a kickass med for many maladies  https://en.m.wikipedia.org/wiki/AzithromycinÂ â€¦
2020-03-17 19:27:36 UTC <elonmusk> If Jamis needs help, he has many friends, me among them
2020-03-17 05:19:40 UTC <elonmusk> Pretty close. Design is evolving rapidly. Would be great to flatten domes, embed engines & add ~1.5 barrel sections of propellant for same total length. Also, current legs are a bit too small.
2020-03-17 04:50:11 UTC <elonmusk> Hydroxychloroquine probably better  https://m.youtube.com/watch?feature=youtu.be&v=vE4_LsftNKMÂ â€¦ pic.twitter.com/wQODHiFeWT
2020-03-17 03:37:39 UTC <elonmusk> Sounds sensible
2020-03-17 03:34:13 UTC <elonmusk> That said, danger of panic still far exceeds danger of corona imo. If we over-allocate medical resources to corona, it will come at expense of treating other illnesses. Track graph at bottom of this page: https://www.cdc.gov/coronavirus/2019-ncov/cases-updates/cases-in-us.html?CDC_AA_refVal= https%3A%2F%2Fwww.cdc.gov%2Fcoronavirus%2F2019-ncov%2Fcases-in-us.htmlÂ â€¦
2020-03-17 03:27:14 UTC <elonmusk> This paper matches what Iâ€™m hearing from a lot of smart people  https://www.elsevier.com/__data/assets/pdf_file/0007/988648/COVID-19-Drug-Therapy_Mar-2020.pdfÂ â€¦
2020-03-17 02:14:57 UTC <elonmusk> Yeah. Fate loves irony.
2020-03-18 13:32:50 UTC <TIME> About 160 million of Indiaâ€™s 1.3 billion people donâ€™t have access to clean water. That could leave them at risk during a coronavirus outbreak https://ti.me/2Qst306Â 
2020-03-18 13:18:00 UTC <TIME> Here are 5 tips from the experts for cooking from the pantry while youâ€™re stuck at home https://ti.me/396guOQÂ 
2020-03-18 13:02:46 UTC <TIME> How should you be cleaning your smartphone?   â€¢ Disinfecting wipes are fine, mostly â€¢ Wash your hands, not your smartphone â€¢ You donâ€™t need a UV light https://ti.me/2Wkt0HDÂ 
2020-03-18 12:38:40 UTC <TIME> The pet dog had initially tested â€œweak positiveâ€ for coronavirus, but was released from quarantine after further tests produced negative results https://ti.me/2TYSYyBÂ 
2020-03-18 12:32:41 UTC <TIME> Gambling will grind to a halt by Wednesday in casino-mecca Las Vegas, as the governor of Nevada issued a sweeping statewide order aimed to stop the spread of the new coronavirus https://ti.me/2IUQ5ITÂ 
2020-03-18 12:14:48 UTC <TIME> llinois Rep. Dan Lipinski is the first congressional incumbent to lose in a primary race this cycle https://ti.me/33qoUz4Â 
2020-03-18 12:02:43 UTC <TIME> â€œWe do realize that ESPN may not own the rights to rebroadcast some of these events. To that, we humbly reply: so what? Go out and get them. Weâ€™re in a national emergency.â€ https://ti.me/2xKV6S1Â 
2020-03-18 11:48:44 UTC <TIME> It took the winning musher 9 days, 10 hours, 37 minutes and 47 seconds to travel nearly 1,000 miles across Alaska https://ti.me/33sr3dzÂ 
2020-03-18 11:32:41 UTC <TIME> Some supermarkets are launching senior-only hours during the coronavirus pandemic. Not all retailers think that's a good idea https://ti.me/2xOt0FBÂ 
2020-03-18 11:02:48 UTC <TIME> "Our fear is a finely calibrated alarm system, more like a smoke detector than a disease," writes author Eva Holland. "At this fraught moment, it makes sense to listen to its siren: not to panic, but to heed official medical guidance and prepare" https://ti.me/2TWthyKÂ 
2020-03-18 10:48:00 UTC <TIME> New Zealand passes landmark law to decriminalize abortion https://ti.me/38YUzZCÂ 
2020-03-18 10:32:29 UTC <TIME> Parents are scrambling to find a way to work, while childcare workers have to face the question of whether they can work safely â€” or afford not to work https://ti.me/3912WnoÂ 
2020-03-18 10:18:00 UTC <TIME> Across the globe, governments are imposing travel limits in a bid to stem the spread of coronavirus. The unintended consequence is a squeeze on migrant labor thatâ€™s a cornerstone of food production https://ti.me/2xPoO8DÂ 
2020-03-18 10:02:38 UTC <TIME> "'Black Widow' moving release dates could have a domino effect on the rest of the MCU, including the Marvel television series that are set to air on Disney+ and will tie into the movie franchise," writes @edockterman https://ti.me/3b42UwzÂ 
2020-03-18 09:32:41 UTC <TIME> As COVID-19 spreads across the country, lawmakers are moving to provide massive aid to Americans and stabilize the U.S. economy within days. But as Tuesday evening wore on, it was evident that effort was stalled https://ti.me/3b7ac2uÂ 
2020-03-18 09:02:29 UTC <TIME> Two kids in Columbus, Ohio, brought an orchestral concert to their 78-year-old neighborâ€™s doorstep as she self-quarantined as a precaution. Here's the story https://ti.me/3a1liWNÂ 
2020-03-18 08:33:00 UTC <TIME> "We will need to act urgently, ruthlessly and aggressively to adopt five key measures," writes Gavin Yamey. â€¢ Testing, testing, testing â€¢ Communicate and coordinate â€¢ Social distancing â€¢ Protect our health workers â€¢ Expect and plan for a rise in cases https://ti.me/2Qp9g1BÂ 
2020-03-18 08:02:55 UTC <TIME> â€œWe do realize that ESPN may not own the rights to rebroadcast some of these events. To that, we humbly reply: so what? Go out and get them. Weâ€™re in a national emergency.â€  https://ti.me/39ZI2GxÂ 
2020-03-18 07:32:30 UTC <TIME> As the COVID-19 outbreak has spread to all 50 states, state election officials have begun making preparations to mitigate the risk of infection, quell votersâ€™ fears and control the spread of misinformation about the disease https://ti.me/2TY7SFpÂ 
2020-03-17 12:52:40 UTC <liuyi0922> æˆ¿ç§Ÿæˆ‘æ˜¯äº«å—ä¸åˆ°äº†ï¼ŒåŠå…¬å®¤æˆ¿ä¸œä¸æ˜¯å…¬å®¶
2020-03-17 12:48:22 UTC <liuyi0922> ä»Šå¤©äº«å—åˆ°ç¤¾ä¿ä»€ä¹ˆçš„ä¼˜æƒ äº†
2020-03-17 09:53:57 UTC <liuyi0922> èƒ½ä»‹ç»ç»™æˆ‘ä¸
2020-03-18 13:30:02 UTC <realDonaldTrump> ....Also, according to the Daily Caller, leading Sleepy Joe Biden in Florida, 48% to 42%.
2020-03-18 13:29:58 UTC <realDonaldTrump> 95% Approval Rating in the Republican Party, 53% overall. Not bad considering I get nothing but Fake & Corrupt News, day and night. â€œRussia, Russia, Russiaâ€, then â€œthe Ukraine Scam (whereâ€™s the Whistleblower?)â€, the â€œImpeachment Hoaxâ€, and more, more, more....
2020-03-18 13:16:07 UTC <realDonaldTrump> The DNC will have gotten their fondest wish and defeated Bernie Sanders, far ahead of schedule. Now they are doing everything possible to be nice to him in order to keep his supporters. Bernie has given up, just like he did last time. He will be dropping out soon! MAGA/KAG
2020-03-18 11:46:33 UTC <realDonaldTrump> I always treated the Chinese Virus very seriously, and have done a very good job from the beginning, including my very early decision to close the â€œbordersâ€ from China - against the wishes of almost all. Many lives were saved. The Fake News new narrative is disgraceful & false!
2020-03-18 11:12:49 UTC <realDonaldTrump> I will be having a news conference today to discuss very important news from the FDA concerning the Chinese Virus!
2020-03-18 10:53:58 UTC <realDonaldTrump> I will totally protect your Medicare & Social Security!
2020-03-18 10:41:14 UTC <realDonaldTrump> For the people that are now out of work because of the important and necessary containment policies, for instance the shutting down of hotels, bars and restaurants, money will soon be coming to you. The onslaught of the Chinese Virus is not your fault! Will be stronger than ever!
2020-03-17 20:12:55 UTC <realDonaldTrump>  https://www.whitehouse.gov/articles/15-days-slow-spread/Â â€¦
2020-03-17 19:31:33 UTC <realDonaldTrump> The world is at war with a hidden enemy. WE WILL WIN!
2020-03-17 13:34:01 UTC <realDonaldTrump> Federal Government is working very well with the Governors and State officials. Good things will happen! #KILLTHEVIRUS
2020-03-17 13:27:18 UTC <realDonaldTrump> Failing  Michigan Governor must work harder and be much more proactive. We are pushing her to get the job done. I stand with Michigan!
2020-03-17 12:22:11 UTC <realDonaldTrump> Cuomo wants â€œall states to be treated the same.â€ But all states arenâ€™t the same. Some are being hit hard by the Chinese Virus, some are being hit practically not at all. New York is a very big â€œhotspotâ€, West Virginia has, thus far, zero cases. Andrew, keep politics out of it....
2020-03-17 03:27:51 UTC <realDonaldTrump> The â€œTimesâ€ is a disgrace to journalism! https://twitter.com/mattwolking/status/1239716039518294016Â â€¦
2020-03-17 03:19:49 UTC <realDonaldTrump> Great news Lindsey! https://twitter.com/lindseygrahamsc/status/1239361193992732673Â â€¦
2020-03-16 22:51:54 UTC <realDonaldTrump> The United States will be powerfully supporting those industries, like Airlines and others, that are particularly affected by the Chinese Virus. We will be stronger than ever before!
2020-03-16 20:29:46 UTC <realDonaldTrump> I ask all Americans to band together and support your neighbors by not hoarding unnecessary amounts of food and essentials. TOGETHER we will stay STRONG and overcome this challenge!
2020-03-16 20:29:30 UTC <realDonaldTrump> Yesterday I spoke with the great American Grocers and Supply Chain Executives. We are confident that supply will continue to meet demand nationwide. These beacons of our community will remain open for you, no matter what. We are working hard to remove any barriers to that effort!
2020-03-16 20:16:34 UTC <realDonaldTrump>  pic.twitter.com/tit0HdkE4e
2020-03-16 20:16:23 UTC <realDonaldTrump>  pic.twitter.com/ZLmk41FA3H
2020-03-18 13:00:31 UTC <CoinDesk> NEW: Gasnor, a natural gas distributor for 2 million Argentinian residents, has won approval to pilot an RSK-based smart contract platform to speed up the country's chronically slow gas certification processes.  @realDannyNelson reports.   @RSKsmart http://ow.ly/tNke50yOOFJÂ 
2020-03-18 12:03:34 UTC <CoinDesk> JUST IN: @BitGo customers can now boost their insurance limits beyond $100 million to cover the loss or destruction of crypto stored in special vaults.  @IanAllison123 reports. http://ow.ly/kRwr50yOLgbÂ 
2020-03-18 10:33:54 UTC <CoinDesk> Two Canadian nationals have been sentenced to two years in a U.S. jail for stealing bitcoin from an Oregon resident through a Twitter scam.  @Sebsinclair1989 reports. http://ow.ly/5Pwz50yOH8UÂ 
2020-03-18 10:01:43 UTC <CoinDesk> OPINION: To secure their futures, banks have to confront their fear of change and embrace DLT innovation, says consultant Chuck Fried. http://ow.ly/GCEg50yOFLqÂ 
2020-03-18 09:01:49 UTC <CoinDesk> Digital citizens are turning to decentralized protocols like the InterPlanetary File System to share news during the coronavirus outbreak.   Report by @DanielGKuhn.   @IPFSbot http://ow.ly/Xp0250yODe1Â 
2020-03-18 07:45:39 UTC <CoinDesk> NEW: Digital asset manager @wave_financial is tokenizing a whole year's production of Kentucky bourbon so global investors can gain exposure to the growing U.S. whiskey market.   @paddybaker_ reports. http://ow.ly/VAIp50yOAZAÂ 
2020-03-18 06:02:53 UTC <CoinDesk> The former CEO of Mt Gox has claimed the plaintiff holding him liable for losses incurred after the exchange collapsed breached precedent by changing the claims in his complaint, via @paddybaker_ http://ow.ly/m5E150yOz4hÂ 
2020-03-18 05:46:52 UTC <CoinDesk> On Tuesday, Avanti Financial Group announced five new executive hires, including bitcoin core developer Bryan Bishop (@kanzure) and Figure Technologyâ€™s Zev Shimko (@zshimko).   Via @Nate_DiCamillo http://ow.ly/ip7L50yOyoEÂ 
2020-03-18 04:03:09 UTC <CoinDesk> NEW: Scammers purporting to sell COVID-19-related medication have stolen at least $2 million in cryptocurrency from panicking consumers, claims blockchain security firm AnChainAI.  @realDannyNelson reports. http://ow.ly/6mI650yOwZDÂ 
2020-03-18 02:29:02 UTC <CoinDesk> .@ToyotaMotorCorp @Toyota is exploring blockchain applications to the auto industry through a newly-revealed group composed of several subsidiaries. @Sebsinclair1989 writes. http://ow.ly/Tpzy50yOvmjÂ 
2020-03-17 23:12:59 UTC <CoinDesk> EXCLUSIVE: Steem community leaders will hardfork to a new blockchain on Friday â€“ destroying the cache of $steem tokens held by @justinsuntron's @steemit.   @BradyDale reports http://ow.ly/iGeM50yOpuaÂ 
2020-03-17 22:14:30 UTC <CoinDesk> CoinDesk's @NoelleInMadrid shares details and perspective on the first few days in Spanish lockdown. http://ow.ly/mR7V50yOnFlÂ 
2020-03-17 20:03:33 UTC <CoinDesk> Cryptocurrency markets stabilized somewhat as traditional financial markets found some footing Tuesday. Report by @danielcawrey http://ow.ly/K7rb50yOgYwÂ 
2020-03-17 19:17:06 UTC <CoinDesk> The @federalreserve took drastic measures to keep the economy afloat, slashing its lending rate to nearly 0% in its second emergency cut in a week.  CoinDesk's @NoelleInMadrid @mikejcasey @nlw discuss what this means for the markets and bitcoin.  More:  http://ow.ly/hUxH50yOehrÂ  pic.twitter.com/Vav1I5JyVy
2020-03-17 18:52:48 UTC <CoinDesk> NEW: @TheRealBlockFi saw demand for crypto loans shoot up after bitcoin's price crash last week.   The firm is raising interest rates on deposits of $BTC and $ETH as a result.  @Nate_DiCamillo reports http://ow.ly/HfHs50yOd0mÂ 
2020-03-17 18:33:29 UTC <CoinDesk> IN DEPTH: While quantitative easing may be anathema to crypto hardliners, experts agree the net effect on #bitcoin prices should be positive.  @IanAllison123 reports http://ow.ly/YHI950yObOSÂ 
2020-03-17 18:03:35 UTC <CoinDesk> CoinDesk's @wsfoxley analyzes @MakerDAO's latest move: ğŸ§µğŸ‘‡ https://twitter.com/wsfoxley/status/1239971131286622213Â â€¦
2020-03-17 17:09:57 UTC <CoinDesk> HANG IN THERE: Bitcoinâ€™s price volatility has surged to record highs but long-term HODLers don't seem to be deterred. Report by @godbole17: http://ow.ly/YKfZ50yO5uwÂ 
2020-03-17 16:35:06 UTC <CoinDesk> We're Hiring!: (US Based | Remote | Full Time) @CoinDeskPodcast is seeking a Deputy Podcast Editor to work closely with CoinDesk's Podcast Editor @GamerAndy  Full Details + Apply: http://ow.ly/5k5k50yO1x5Â 
2020-03-18 01:00:10 UTC <ICIJorg> Local communities will have more options under the reforms, but civil society groups - including @SOMO â€“ still have some questions. https://bit.ly/3d7dLYvÂ 
2020-03-17 21:11:01 UTC <ICIJorg> Our partners always amaze us with the way they work.  Today, we share the stories of three of our Italian partners and how they've been reporting, and living through the #coronavirus.   We're so proud to have them in our ICIJ family! https://bit.ly/3d88GiEÂ 
2020-03-17 20:13:02 UTC <ICIJorg> "There are so many journalists that are eager to work on investigations, detect corruption and prosecute the corrupt in a bid to fix the defects in the systems."  Here's @mohamed_kawmani on the future of journalism in the Middle East.  https://bit.ly/38Ts6o0Â  #MeetTheInvestigators
2020-03-17 14:16:33 UTC <ICIJorg> ğŸ‘ğŸ‘
2020-03-17 13:00:37 UTC <ICIJorg> Important tips for reporters right now:  ğŸ“ŒUnplug from news coverage at a scheduled time. ğŸ“ŒRemind yourself what â€œnormalâ€ looks like. ğŸ“ŒTalk to your loved ones. https://bit.ly/2TUQJwzÂ 
2020-03-16 19:00:21 UTC <ICIJorg> The latest policy changes come years after our investigation Evicted and Abandoned revealed the World Bank often failed to follow its own rules.  https://bit.ly/38W477LÂ 
2020-03-16 18:00:37 UTC <ICIJorg> If you're looking for an inspiring read today then this Q&A with our Japanese member @yasuomisawa is a good place to start.  "Journalism should be for the people, especially those in need," he told @shirafu.   https://bit.ly/3b0JBUOÂ  #MeetTheInvestigators
2020-03-16 15:19:01 UTC <ICIJorg> "Once again a #whistleblower is revealing to the world actions that go against international public interest," @BourdonWilliam2 said.   Bourdon is a co-founder of @PPLAAF and represents @RuiPinto_FL.  https://bit.ly/2TEuL0JÂ  #LuandaLeaks
2020-03-16 14:00:35 UTC <ICIJorg> The ICIJ team is thinking of all those reporters covering the Coronavirus! If we can help â€“ please reach out!  @gijn has got a range of helpful tips for journalists, including this one: https://bit.ly/3cZAmpQÂ 
2020-03-17 15:05:46 UTC <BBCBreaking> Hashem Abedi, brother of Manchester Arena bomber Salman Abedi, found guilty of murdering 22 people in the 2017 blast https://bbc.in/2Wkws4YÂ 
2020-03-17 12:39:51 UTC <BBCBreaking> UK Foreign Office advises Britons against all non-essential foreign travel for initial period of 30 days https://bbc.in/3d99wvkÂ 
2020-03-16 18:02:55 UTC <BBCBreaking> â€œWhat weâ€™re announcing today is a very substantial change in the way we want people to live their livesâ€  UK PM Boris Johnson says â€œI donâ€™t think thereâ€™s really been anything like it in peace timeâ€   http://bbc.in/38VcOyYÂ  #CoronavirusOutbreak pic.twitter.com/NSEPeuMzS2
2020-03-16 17:03:27 UTC <BBCBreaking> â€œWe need people to start working from home and you should avoid pubs, clubsâ€¦ and other such social venues"  Boris Johnson says even those with no symptoms must stop â€œnon-essential contact with others and stop all unnecessary travelâ€   http://bbc.in/3d6pAhoÂ  #CoronavirusOutbreak pic.twitter.com/7WrUd6tjJg
2020-03-16 17:01:39 UTC <BBCBreaking> UK PM says "everyone" should now avoid social contact with others and stop non-essential travel to fight coronavirus https://bbc.in/2IO7oeIÂ 
2020-03-16 14:16:13 UTC <BBCBreaking> First patient with coronavirus dies in Wales  There have now been Covid-19 related deaths recorded in every nation in Great Britain https://bbc.in/3bbgz5hÂ 
2020-03-16 12:05:18 UTC <BBCBreaking> BBC to delay TV licence fee changes for the over-75s until August in light of the coronavirus situation https://bbc.in/2WhVou3Â 
2020-03-16 10:12:50 UTC <BBCBreaking> Roy Hudd, actor and comic, dies aged 83 https://bbc.in/33kNp0JÂ 
2020-03-18 05:47:43 UTC <Blankwonder> ç¬¬ä¸€æ¬¡è§åˆ° first-party è¿™ç§è¯´æ³• pic.twitter.com/tc7cfjUGR2
2020-03-16 17:40:17 UTC <Blankwonder> iOS ä¸Šçš„å¡«å……å®Œå…¨æ˜¯ç³»ç»Ÿ APIï¼Œè¡Œä¸ºæ˜¯ Safari è‡ªå·±å†³å®šçš„
2020-03-16 13:37:50 UTC <Blankwonder> æˆ‘è¦ RT ä¸€ä¸‹ï¼Œæˆ‘æ˜¯å‚»é€¼ https://twitter.com/Blankwonder/status/1237095208229015552Â â€¦
2020-03-16 06:27:46 UTC <Blankwonder> æˆ‘å°±ç›´æ¥æ”¾ç½®ä¸€å‘¨ï¼Œå¤§å®¶éƒ½å¸¦å£ç½©çš„æƒ…å†µä¸‹æ¥è§¦åˆ°ç—…æ¯’çš„æ¦‚ç‡å·²ç»æå°ï¼Œæ”¾ç½®ä¸€å‘¨ä¹ŸåŸºæœ¬æ­»ç»äº†ã€‚
2020-03-16 06:22:06 UTC <Blankwonder> å°è¯•ä¸‹å¾ªç¯ä½¿ç”¨ï¼Ÿæˆ‘ä¸€ä¸ªæœˆå°±åªç”¨äº†ä¸¤ä¸ª
2020-03-16 06:15:23 UTC <Blankwonder> iOS 13.4 æœ€åä¸€ä¸ª b äº†éƒ½è¿˜æ²¡æŠŠçŸ­ä¿¡æ¶ˆå¤±çš„é—®é¢˜ä¿®å¥½
2020-03-16 03:49:13 UTC <Blankwonder> iOS 13.4 é’±åŒ…æ”¯æŒæ”¯ä»˜å®çš„æˆªå›¾é‡Œï¼Œä¸‹é¢çš„å¡æ˜¯å…«è¾¾é€šï¼Œæ˜¯æš—ç¤ºè¦ä¸€èµ·åŠ å…¥äº†å—ğŸ¤”
2020-03-18 12:17:05 UTC <BBCWorld> Iran is considering whether to free Americans detained there â€œas a humanitarian gestureâ€ due to the coronavirus outbreak  https://bbc.in/2WjKx2JÂ  pic.twitter.com/eDZC0tEeMb
2020-03-18 11:59:05 UTC <BBCWorld> Saudi Arabia says it will convene a virtual summit with leaders of the G20 group of major economies to discuss the pandemic  https://bbc.in/3d2s4xoÂ  pic.twitter.com/W0Cqag6gb6
2020-03-18 11:52:06 UTC <BBCWorld> A seven-day curfew begins in Baghdad, as authorities struggle to contain the spread of coronavirus which has claimed nine lives there  https://bbc.in/3abTu2hÂ  pic.twitter.com/n4gZ0kjZ6Z
2020-03-18 11:44:02 UTC <BBCWorld> Filming of soap opera Neighbours - which on Wednesday marked 35 years on our screens - has been temporarily halted  https://bbc.in/2QpRhbuÂ  pic.twitter.com/bsY50TSxHC
2020-03-18 11:31:05 UTC <BBCWorld> Traffic queues at Polandâ€™s border crossings are stretching for up to 50km with some people having to wait for more than 24 hours following the introduction of coronavirus checks  https://bbc.in/3ddcAqGÂ  pic.twitter.com/JcixDpC1ks
2020-03-18 11:22:05 UTC <BBCWorld> An EU travel ban for non-EU citizens has come into force, and the first travellers - who landed in Frankfurt from Turkey this morning - have been turned away at the border  https://bbc.in/2xINIqgÂ  pic.twitter.com/XwDd0JlBmY
2020-03-18 11:03:12 UTC <BBCWorld> South African police are searching for the gunmen who killed one of its top rhino poaching investigators in an ambush https://bbc.in/2QpB6L7Â 
2020-03-18 10:43:04 UTC <BBCWorld> Asian nations face coronavirus battle amid WHO warning that some needed to take "aggressive measures" https://bbc.in/2U1mynjÂ 
2020-03-18 10:27:49 UTC <BBCWorld> Tokyo 2020 Olympic organisers warn "no solution will be ideal" after being accused of putting athletes "in danger"  https://bbc.in/2UtLqDpÂ  pic.twitter.com/JmUEUHR4Ye
2020-03-18 10:04:03 UTC <BBCWorld> Taoiseach Leo Varadkar says elderly people and those with long-term illness may have to stay home for several weeks  https://bbc.in/3b6CSJbÂ  pic.twitter.com/75bSx7aG6l
2020-03-18 07:38:27 UTC <BBCWorld> Several countries cancel or postpone their national team training camps for the Tokyo Olympic and Paralympic Games, according to Japanese public broadcaster NHK  https://bbc.in/3b33ue2Â  pic.twitter.com/ph5VJhJm8w
2020-03-18 03:43:04 UTC <BBCWorld> Coronavirus: 'Aggressive' action needed in South East Asia, says WHO https://bbc.in/3d8uWZFÂ 
2020-03-18 03:08:05 UTC <BBCWorld> US election primaries: Game over for Bernie Sanders? https://bbc.in/2UebqlYÂ 
2020-03-18 01:24:42 UTC <BBCWorld> Coronavirus: Australia bans 'non-essential' gatherings of over 100 people https://bbc.in/2TXwQ7NÂ 
2020-03-18 01:12:58 UTC <BBCWorld> Coronavirus: Why washing hands is difficult in some countries https://bbc.in/2x17htNÂ 
2020-03-18 00:37:29 UTC <BBCWorld> Coronavirus hits all 50 US states as death toll rises https://bbc.in/2x4vi2WÂ 
2020-03-18 00:25:47 UTC <BBCWorld> Joe Biden crushes Bernie Sanders in Florida vote https://bbc.in/33q7mmNÂ 
2020-03-18 00:18:31 UTC <BBCWorld> How the Ivorian president stunned West Africa by calling it quits https://bbc.in/3a0BgAqÂ 
2020-03-18 00:09:08 UTC <BBCWorld> Coronavirus: What India can learn from the deadly 1918 flu https://bbc.in/2WmoHM0Â 
2020-03-17 18:16:08 UTC <Sasha_Gong> ç–«æƒ…å¨èƒä¸‹çš„ç¾å›½ï¼šå¤§å‹å•†åœºå’Œæ˜Ÿå·´å…‹ pic.twitter.com/t2SAN5QlTH
2020-03-17 18:05:19 UTC <Sasha_Gong> ä¸­å›½æ”¿åºœå–æ¶ˆå¤šå®¶ç¾å›½åª’ä½“é©»åè®°è€…çš„è®°è€…è¯ã€‚åŒ…æ‹¬ç¾å›½ä¹‹éŸ³ã€åç››é¡¿é‚®æŠ¥ç­‰ã€‚Beijing pulls credentials for journalists at three U.S. news outlets, including The Post - The Washington Post https://www.washingtonpost.com/world/asia_pacific/beijing-pulls-credentials-for-journalists-at-three-us-news-outlets-including-the-post/2020/03/17/22a476d6-686f-11ea-b199-3a9799c54512_story.htmlÂ â€¦
2020-03-16 20:55:03 UTC <Sasha_Gong> Coronavirus live updates: Major cities shutdown, Trump asks Americans to avoid groups over 10 people - ABC News https://abcnews.go.com/US/coronavirus-live-updates-establishments-country-begin-shutting/story?id=69615056Â â€¦
2020-03-16 16:28:23 UTC <Sasha_Gong> ä¸€é˜Ÿç”µè§†è®°è€…å°½èŒåœ°å®ˆå€™åœ¨å›½ä¼šé—¨å¤–ã€‚ pic.twitter.com/8xemCSTTbj
2020-03-16 16:26:43 UTC <Sasha_Gong> ä¼—è®®é™¢çš„è®®å‘˜ä¸Šå‘¨é€šè¿‡ç–«æƒ…ç«‹æ³•ä¹‹åå°±å›å®¶äº†ã€‚å¹³æ—¶ç†™ç†™æ”˜æ”˜çš„é—¨å£åªæœ‰ä¸€åªå­¤é›¶é›¶çš„å°é¸Ÿã€‚å‚è®®é™¢æ­£åœ¨è®¨è®ºæ³•æ¡ˆã€‚å¦‚æœé€šè¿‡ï¼Œè®®å‘˜é©¬ä¸Šå›å®¶ã€‚ pic.twitter.com/v0EkyD5lDQ
2020-03-16 16:23:56 UTC <Sasha_Gong> ç¾å›½å›½ä¼šã€æœ€é«˜æ³•é™¢éƒ½å¯¹å…¬ä¼—å…³é—­ã€‚ä¹ä¸€ä¸€ä»¥åä¹Ÿæ²¡æœ‰å‡ºç°è¿™æ ·çš„æƒ…å†µã€‚ pic.twitter.com/pyMKEYBJKM
2020-03-16 15:52:23 UTC <Sasha_Gong> åç››é¡¿çš„æ¨±èŠ±å¼€å§‹ç»½æ”¾ã€‚ä»Šå¹´è¿™é‡Œæ¸¸äººå¾ˆå°‘ã€‚ pic.twitter.com/ZuU8X6QVmt â€“ at East Potomac Driving Range
2020-03-16 02:00:34 UTC <Sasha_Gong> è¿™æ˜¯æˆ‘çœ‹è¿‡çš„æœ€æ— è¶£çš„æ€»ç»Ÿé€‰ä¸¾è¾©è®ºã€‚äº†æ— ç”Ÿæ°”ã€‚ Dem debate: The discussion turns to foreign policy #DemDebate https://twitter.com/i/events/1238173843925028864Â â€¦
2020-03-16 01:15:13 UTC <Sasha_Gong> æ‹œç™»åˆšåˆšæ‰¿è¯ºï¼Œå¦‚å½“é€‰ï¼Œå°†ä¸ä¼šé£è¿”é™¤ç½ªçŠ¯ä¹‹å¤–çš„éæ³•ç§»æ°‘ã€‚æŒ‰ç…§è¿™ä¸€æ¨è®ºï¼Œä»–ä¹Ÿä¼šä¸»å¼ éæ³•è¶Šå¢ƒéç½ªåŒ–ã€‚
2020-03-16 00:39:56 UTC <Sasha_Gong> 77å²çš„æ‹œç™»ä¸78å²çš„æ¡‘å¾·æ–¯ç«äº‰æ°‘ä¸»å…šæ€»ç»Ÿå€™é€‰äººæåã€‚åŒæ–¹åœ¨å¤´å››ååˆ†é’Ÿäº‰ç›¸æå‡ºå¦‚ä½•åœ¨ç–«æƒ…çˆ†å‘ä¹‹é™…æ›´å¤šåˆ©ç”¨æ”¿åºœèµ„æºæ¥å¸®åŠ©äººæ°‘ã€‚
2020-03-16 00:03:29 UTC <Sasha_Gong> Dem debate: Biden and Sanders prepare to take the stage in Washington, DC #DemDebate  https://twitter.com/i/events/1238173843925028864Â â€¦
2020-03-16 00:03:07 UTC <Sasha_Gong> æ°‘ä¸»å…šæ€»ç»Ÿå€™é€‰äººæåç«äº‰è€…æ‹œç™»ä¸æ¡‘å¾·æ–¯æ­£åœ¨CNNè¾©è®ºã€‚ç”±äºç–«æƒ…ï¼Œç°åœºæ²¡æœ‰è§‚ä¼—ã€‚
2020-03-18 12:32:58 UTC <tualatrix> æ–° iPad Pro çš„ LiDAR Scanner çš„ä»‹ç»ç½‘é¡µæœ‰ç‚¹é…·å•Šï¼Œè¿™æ˜¯ Apple ç¬¬ä¸€æ¬¡æŠŠä¸€ä¸ª AR è®¾å¤‡é›†æˆåœ¨æœºå™¨ä¸Šå§ï¼Ÿä¸çŸ¥é“ä»¥åä¼šç©å‡ºä»€ä¹ˆèŠ±æ ·æ¥ã€‚æœŸå¾…ä¸€ä¸‹â€¦ pic.twitter.com/IymSt5udvc
2020-03-18 12:15:23 UTC <tualatrix> å“‡ï¼ï¼ï¼2020 æ¬¾ iPad Pro æ¥äº†ï¼  â€œYour next computer is not a computer.â€  è¿™ Slogan æˆ‘å–œæ¬¢ï¼ pic.twitter.com/Lo3atzIHVe
2020-03-18 09:27:24 UTC <tualatrix> ç¦»å¼€äº† Fabricï¼Œå¼€å§‹ç”¨ Google Firebase åï¼Œé‡åˆ°äº†ç¬¬ä¸€ä¸ªè§‰å¾—ç”¨æˆ·ä½“éªŒä¸å¥½çš„åœ°æ–¹ã€‚Fabricã€Microsoft AppCenterï¼Œéƒ½æœ‰æ¯”è¾ƒæ–¹ä¾¿å’Œç›´è§‚çš„ Web ç•Œé¢å¯ä»¥ä¸Šä¼  dSYMsï¼Œåªæœ‰ Google Firebase æ²¡æœ‰ï¼Œåªèƒ½è¿è¡Œå‘½ä»¤è¡Œã€‚ pic.twitter.com/RNiDO8ixEH
2020-03-18 07:42:32 UTC <tualatrix> å›½è¡Œä¸“å±é—®é¢˜ã€‚
2020-03-18 04:37:12 UTC <tualatrix> å—¯ï¼Ÿæˆ‘æ„Ÿè§‰æˆ‘çš„æ˜¯æ—§æ¬¾
2020-03-18 03:18:42 UTC <tualatrix> å—¯ï¼Œåªèƒ½è¿™ä¹ˆæœŸå¾…äº†ã€‚
2020-03-18 01:57:25 UTC <tualatrix> ä¸€æ®µæ—¶é—´æ²¡æ›´æ–°ç»´æŠ¤ç½‘ç«™äº†ï¼Œnpm install äº†ä¸€ä¸‹ï¼Œåˆ  552 ä¸ª vulnerabilitiesã€‚è¿™ NPM ç”Ÿæ€åœˆå•Šâ€¦ï¼ˆå¥½åƒæ˜¯ç¬¬äºŒæ¬¡åæ§½äº†ï¼‰ pic.twitter.com/yp7HSdbyiJ
2020-03-17 23:36:12 UTC <tualatrix> GitHub for iOS æ­£å¼å‘å¸ƒå•¦ï¼  https://apps.apple.com/us/app/github/id1477376905Â â€¦ pic.twitter.com/Do7JAd30bz
2020-03-17 21:09:42 UTC <tualatrix> ç¬¬äºŒæ¬¡é†’æ¥æ‰“èšŠå­ğŸ¦Ÿ
2020-03-17 07:57:48 UTC <tualatrix> è¿™è¿˜åªæ˜¯åŸºæœ¬åŠŸğŸ¤£
2020-03-17 07:57:24 UTC <tualatrix> å¯¹ï¼Œé‚£å»é…é¢—èºä¸æ¥
2020-03-17 07:55:56 UTC <tualatrix> æƒ³å¤šå•¦ï¼Œæ»¤ç½‘è‚¯å®šä¸ä¼šæ´—äº†ï¼Œå°±æ´—æ´—ç›–å­ï¼Œæ»¤ç½‘ä»¥åè¯·äººæ¥æ´—å§
2020-03-17 06:48:15 UTC <tualatrix> æ˜¯çš„â€¦å› ä¸ºä»¥å‰ä¸å¤ªä¸‹å¨ï¼Œæ‰€ä»¥å°±ä¸å¤ªç®¡ã€‚ç°åœ¨ä¸‹å¨å¤šäº†ï¼Œå°±è¦ä¿æŒç»å¸¸æ“¦çš„ä¹ æƒ¯äº†ã€‚
2020-03-17 06:47:36 UTC <tualatrix> åŸæ¥æ˜¯è¿™æ¡å•Šã€‚
2020-03-17 06:42:50 UTC <tualatrix> å¹´è½»äººçš„ç¬¬ä¸€æ¬¡æ¸…æ´—æ²¹çƒŸæœºï¼ˆç›–ï¼‰çš„å‰åå¯¹æ¯”å›¾ï¼Œå±…å®¶åšä¸»ä¹Ÿä¸å¥½å½“â€¦ pic.twitter.com/4XzQA3Zmt3
2020-03-17 03:47:12 UTC <tualatrix> å—¯ï¼Œé€‚åˆä¿®èº«å…»æ€§
2020-03-17 03:46:55 UTC <tualatrix> æ˜¯çš„
2020-03-17 02:39:15 UTC <tualatrix> ğŸ‘
2020-03-17 02:38:44 UTC <tualatrix> å¯èƒ½æ˜¯ï¼Œæœ€è¿‘æœ‰è¢«éšè—çš„å¾®åšã€‚
2020-03-16 18:36:23 UTC <indymediacn> æ¨ç‰¹ä¸Šè¿™ä¹ˆå¤šè€å¤–ï¼Œå¯¹ä¸­å›½è¿‘ä»£å†å²è§‚å¯Ÿæœ€ä»”ç»†çš„è¿˜æ˜¯ç«é”…å¤§ç‹ï¼Œä¸å¾—ä¸æ‰¿è®¤ã€‚ https://twitter.com/NathanRichHGDW/status/1237031036430610433Â â€¦
2020-03-18 06:05:52 UTC <aoi_sola> ã¿ã‚“ãªã§è¦‹ã‚ˆã†ï¼ğŸ’‹ğŸ¼è’¼äº•ãã‚‰ğŸ¼ğŸ’‹ -æ™‚é–“ãŒã§ããŸã®ã§ã‚²ãƒªãƒ©é…ä¿¡ã€‚è»Šã®ä¸­ã‹ã‚‰ã€‚  https://www.pococha.com/app/lives/shared/3062670?timestamp=1584511552Â â€¦ #ãƒã‚³ãƒãƒ£
2020-03-17 12:25:37 UTC <aoi_sola> ã¿ã‚“ãªã§è¦‹ã‚ˆã†ï¼ğŸ’‹ğŸ¼è’¼äº•ãã‚‰ğŸ¼ğŸ’‹ -é¢¨å‘‚ä¸Šã‚Šã§ã™ãŒé…ä¿¡ã—ã¦ã¿ã¾ã™ã€‚é«ªãƒœã‚µãƒœã‚µw  https://www.pococha.com/app/lives/shared/3054909?timestamp=1584447937Â â€¦ #ãƒã‚³ãƒãƒ£
2020-03-17 07:03:00 UTC <aoi_sola> ã¿ã‚“ãªã§è¦‹ã‚ˆã†ï¼ğŸ’‹è’¼äº•ãã‚‰ğŸ’‹ -å†ã³ï¼ï¼  https://www.pococha.com/app/lives/shared/3050970?timestamp=1584428580Â â€¦ #ãƒã‚³ãƒãƒ£
2020-03-17 06:00:40 UTC <aoi_sola> ã¿ã‚“ãªã§è¦‹ã‚ˆã†ï¼ğŸ’‹è’¼äº•ãã‚‰ğŸ’‹ -ãµãŸãŸã³ï¼ï¼  https://www.pococha.com/app/lives/shared/3049990?timestamp=1584424840Â â€¦ #ãƒã‚³ãƒãƒ£
2020-03-17 05:58:25 UTC <aoi_sola> é…ä¿¡ã—ã¦ãŸã‚‰æ€¥ã«è½ã¡ãŸï¼ ãƒã‚³ãƒãƒ£å´ã®å•é¡Œã¿ãŸã„ï¼Ÿ
2020-03-17 05:13:59 UTC <aoi_sola> ã¿ã‚“ãªã§è¦‹ã‚ˆã†ï¼ğŸ’‹è’¼äº•ãã‚‰ğŸ’‹ -ã™ã£ã´ã‚“ã§å¤±ç¤¼ã—ã¾ã™ã€‚ã‚ã¨äºŒæ—¥é…”ã„ã§ã™ã€‚  https://www.pococha.com/app/lives/shared/3049721?timestamp=1584422039Â â€¦ #ãƒã‚³ãƒãƒ£
2020-03-16 16:10:51 UTC <aoi_sola> ã‹ã‚ã„ã„å¥³ã®å­
2020-03-16 16:10:35 UTC <aoi_sola> ã—ã¦ãªã„ã§ã™ã­ã€‚å½¢å¼çš„ã«ã¯
2020-03-16 16:10:22 UTC <aoi_sola> ä»•äº‹ã®é–¢ä¿‚ã§ã—ã‚‡ã†ã­
2020-03-16 16:10:06 UTC <aoi_sola> æˆ‘æ…¢ã—ã¾ã™ã€‚â†ä½•ã‚’
2020-03-16 16:09:50 UTC <aoi_sola> çŸ¥ã£ã¦ã¾ã™ï¼ https://twitter.com/nada_masaki/status/1239576373326254086Â â€¦
2020-03-16 16:09:36 UTC <aoi_sola> å¤œã¯é•·ã„ã‚ˆï¼
2020-03-16 16:09:22 UTC <aoi_sola> ç„¡ã„ã£ã¦è¨€ã£ãŸã‚‰çµ‚ã‚ã‚Šã¨æ€ã£ã¦ã‚‹ã‹ã‚‰ã‚ã‚‹ã“ã¨ã«ã—ãŸã„ã€‚
2020-03-16 16:08:36 UTC <aoi_sola> ã‚·ãƒ³ãƒ—ãƒ«ã«ã‚ã‚ŠãŒã¨ã†â¤ï¸
2020-03-16 16:08:15 UTC <aoi_sola> RMK
2020-03-16 16:08:05 UTC <aoi_sola> ä½•å›ã‚‚åŒçª“ä¼šã£ã¦é›†ã¾ã£ã¦ãã‚Œã‚‹ã‹ãªï¼Ÿ(ç¬‘)
2020-03-16 16:07:40 UTC <aoi_sola> ã¾ã è¿”ä¿¡ã‚„ã£ã¦ãŸï¼
2020-03-16 16:07:23 UTC <aoi_sola> å¯ãªã„ã€‚
2020-03-16 16:04:43 UTC <aoi_sola> ã‚ãªãŸã‚‚ï¼
2020-03-18 08:04:06 UTC <goodrick8964> è´¢ç»å†·çœ¼ï¼š8çœå¸‚æŠ•èµ„34ä¸‡äº¿    æ¥¼å¸‚è¢«å«åœåï¼Œæ¯”4ä¸‡äº¿æ›´çŒ›çš„ç»æµåˆºæ¿€æ¥äº†ï¼ï¼ˆ20200304ç¬¬173æœŸï¼‰  https://youtu.be/dE0y5FcX61UÂ  æ¥è‡ª @YouTube
2020-03-18 06:35:44 UTC <goodrick8964> è¿™æ˜¯ä»Šå¤©ä¸‹åˆå‘ç”Ÿåœ¨æ´›æ‰çŸ¶Diamond Bar ç¤¾åŒºçš„ã€‚å¤±ä¸šæ½®ä¹‹åï¼ŒçŠ¯ç½ªç‡ä¼šä¸Šå‡ï¼Œç°åœ¨ç¾å›½å¤§ç¯å¢ƒä¸‹ï¼Œå¯èƒ½è¿˜ä¼šæœ‰é’ˆå¯¹åäººçš„ä»‡æ¨çŠ¯ç½ªã€‚å¤§å®¶æ³¨æ„å®‰å…¨ï¼ pic.twitter.com/FvHESLVZlg
2020-03-18 06:10:31 UTC <goodrick8964> åœ¨ä»Šå¹´å…¨çƒç²®é£Ÿç´§ç¼ºï¼Œç³§é£Ÿå‡ºå£é‡å°‡éŠ³æ¸›ï¼Œä¸­å›½ç²®é£Ÿæ¸›ç”¢å·²æˆå®šå±€ã€‚äºšéçš„è—ç¾ï¼Œå’Œå—ç¾æ´²çš„ç™»é©çƒ­ç–«æƒ…çš„å½±å“ä¸‹ï¼Œä¸–ç•Œç•Œå¤§ç³§é£Ÿå‡ºå£åœ‹ç¾å›½ä¹Ÿæœ‰å¯èƒ½å› ä¸ºæ­¦æ¼¢è‚ºç‚ä»åŠ›æ¨å†œäº§å“å‡ºå£æ”¹ä¸ºé™åˆ¶å†œäº§å“å‡ºå£ï¼Œå¢åŠ ç³§é£Ÿæˆ°ç•¥å„²å‚™ã€‚ä¸­å›½äººçš„é¥­ç¢—ä»Šå¹´çœŸæ‡¸äº†ï¼Œè„–å­å¡åœ¨ç¾å›½äººæ‰‹ä¸Šã€‚ https://youtu.be/rMBAO-QN4RQÂ 
2020-03-18 05:33:13 UTC <goodrick8964> è´¢ç»å†·çœ¼ï¼šæ•°æ®æŠ¥è­¦ï¼ä¸­å›½ç²®é£Ÿé—®é¢˜è¶…å‡ºæƒ³è±¡ï¼Œ2020å¹´å°†é›†ä¸­çˆ†å‘ï¼ï¼ˆ20200318ç¬¬186æœŸï¼‰  https://youtu.be/rMBAO-QN4RQÂ  æ¥è‡ª @YouTube
2020-03-18 04:35:07 UTC <goodrick8964> ä»é˜³å°ä¸Šå¼¹é’¢ç´åˆ°é˜³å°ä¸Šæ‰“çƒï¼Œæ„å¤§åˆ©äººçš„ç´ å…»å’Œä¹è§‚ï¼Œè¿˜æ˜¯è§¦æ‰‹å¯åŠã€‚ä¸­å›½äººå°é—¨åï¼Œåªä¼šæ™šä¸Šä¸€èµ·å¼å«å§ pic.twitter.com/ypA2GFPfjB
2020-03-18 02:20:37 UTC <goodrick8964> æœ‰å…ˆå“²è¯´ï¼šä¸–ä¸Šçš„äººï¼Œæœ‰5%æ˜¯ç²¾è‹±ï¼Œè¿˜æœ‰5%æ˜¯äººæ¸£ã€‚å…¶ä½™90%æ˜¯éšå¤§æµã€‚ è§†é¢‘ä¸­çš„å°è„šï¼Œä½ èƒ½çœ‹å‡ºå¥¹ç¾å—ï¼Ÿ å¯å°±è¿™ä¹ˆå˜æ€çš„ä½œæ³•ï¼Œåœ¨é‚£æ—¶å´å¾ˆå°‘æœ‰äººåå¯¹ï¼Œæ˜çŸ¥é“ç¼ è¶³æ˜¯å®³äººï¼Œå´ä¾ç„¶å»åšã€‚ è¿™å°±æ˜¯éšå¤§æµã€‚ pic.twitter.com/ZoXVOmRgAO
2020-03-17 22:44:08 UTC <goodrick8964> é¦™æ¸¯é»‘è­¦èƒ†å¤§åŒ…å¤© https://twitter.com/lxxfightinghker/status/1239614003313127425Â â€¦
2020-03-17 22:39:59 UTC <goodrick8964> ä¸­å›½å†›äº‹ç§‘å­¦é™¢å·ç§°ç ”å‘å‡ºäº†ä¸­å›½ç—…æ¯’ç–«è‹—ï¼Œä¸ç¡®å®šçœŸå‡ï¼Œè®©å­å¼¹é£ä¸€ä¼šï¼ pic.twitter.com/315MaN3vL7
2020-03-17 22:22:54 UTC <goodrick8964> å“ªé‡Œæ•°æ®ï¼Ÿ
2020-03-17 07:53:37 UTC <goodrick8964> è²å¾‹å®¾å…³é—­è‚¡å€ºæ±‡å¸‚åœºäº¤æ˜“ï¼Œæˆä¸ºå…¨çƒç¬¬ä¸€ä¸ªå…³é—­é‡‘èå¸‚åœºçš„å›½å®¶ï¼ pic.twitter.com/k1NXKQJoZt
2020-03-17 07:00:19 UTC <goodrick8964> è´¢ç»å†·çœ¼ï¼šç»§ç»­å¤§æ”¾æ°´ï¼å…¨éƒ½åœ¨ç–¯æ¶¨ ï¼Œå¤å·¥æ½®æ²¡ç­‰æ¥ï¼Œæ¶¨ä»·æ½®æå‰åˆ°æ¥ï¼ï¼ˆ20200314ç¬¬183æœŸï¼‰  https://youtu.be/lkx2YRJ21QQÂ  æ¥è‡ª @YouTube
2020-03-17 06:59:59 UTC <goodrick8964> è´¢ç»å†·çœ¼ï¼šäºŒæ‰‹æˆ¿æˆäº¤é‡è…°æ–©ï¼ŒçŸ¥åæˆ¿äº§å¤§ä½¬æ¸…ä»“è·‘è·¯ï¼Œç‹¼çœŸçš„æ¥äº†ï¼ï¼ˆ20200312ç¬¬181æœŸï¼‰  https://youtu.be/c5zryY48dzoÂ  æ¥è‡ª @YouTube
2020-03-16 23:51:03 UTC <goodrick8964> å·æ™®çµ‚æ–¼ç”¨â€˜ä¸­åœ‹ç—…æ¯’â€™äº†ï¼é¦™æ¸¯å½±å¸ #é»„ç§‹ç”Ÿ è¯´ï¼šâ€œæ­¦æ±‰è‚ºç‚å°±æ˜¯æ­¦æ±‰è‚ºç‚ï¼Œè°ä¼šç†ä¸–å«æ”¹ä»€ä¹ˆåï¼Œä¸–å«ç°åœ¨éƒ½æ²¡æœ‰å¨ä¿¡äº†ï¼Œæ²¡ä»€ä¹ˆäººå¬ä»–çš„å•¦ï¼Œè¿˜æ”¹ä¸ªè¿™ä¹ˆéš¾è®°çš„åï¼Œæƒ³è¦äººä¸è¦ç”¨æ­¦æ±‰è‚ºç‚ï¼Œé™¤éé¦™æ¸¯è„šä¸å«é¦™æ¸¯è„šï¼Œå«å¤§é™†è„šã€‚æ—¥æœ¬è„‘ç‚å«ä¸­å›½è„‘ç‚ï¼Œè¥¿ç­ç‰™æµæ„Ÿå«å¼ºå›½æµæ„Ÿï¼Œå¾·å›½éº»ç–¹å«æ–°ä¸­å›½éº»ç–¹ã€‚â€ https://twitter.com/realdonaldtrump/status/1239685852093169664Â â€¦
2020-03-16 07:47:33 UTC <goodrick8964> è´¢ç»å†·çœ¼ï¼šçªå‘ï¼Œç¾è”å‚¨åˆ©ç‡å½’é›¶æ‰“å…‰å­å¼¹ï¼Œå¸‚åœºå¼€å§‹è£¸å¥”äº†ï¼ï¼ˆ20200316ç¬¬185æœŸï¼‰  https://youtu.be/E8LWd5k6XdcÂ  æ¥è‡ª @YouTube
2020-03-16 04:29:27 UTC <goodrick8964>  pic.twitter.com/BkwGhWo2eD
2020-03-16 03:49:50 UTC <goodrick8964> 20200315è´¢ç»å†·çœ¼ï¼šä»‹ç»å‡ ç§èµ„é‡‘å‡ºæµ·çš„æ–¹æ³•ï¼Œåº”å¯¹äººæ°‘å¸è´¬å€¼ï¼ï¼ˆç¬¬184æœŸï¼‰  https://youtu.be/EIhmS4zCOxAÂ  æ¥è‡ª @YouTube
2020-03-16 01:35:37 UTC <goodrick8964> è´¢ç»å†·çœ¼ï¼šçªå‘ï¼Œç¾è”å‚¨ç–¯ç‹‚é™æ¯æ‰“å…‰å­å¼¹ï¼Œå¸‚åœºå¼€å§‹è£¸å¥”äº† https://youtu.be/E8LWd5k6XdcÂ  ç¾è”å‚¨è¿™æ¬¡æ˜æ˜¾æ˜¯ç”¨åŠ›è¿‡çŒ›ï¼Œæ‰“å‡ºäº†è´§å¸æ”¿ç­–ç«ç®­ç­’ã€‚è¿™æœ€å¥½èƒ½èµ·ç‚¹ä½œç”¨ï¼Œå› ä¸ºæˆ‘ä¸çŸ¥é“ä»–ä»¬è¿˜å‰©ä¸‹ä»€ä¹ˆå·¥å…·å¯ä»¥ç”¨çš„ï¼Œå¤©ä¸Šæ‰ä¸‹æ¥çš„å†å¤šçš„é’±ä¹Ÿæ— æ³•æ²»æ„ˆè¿™ç§ç—…æ¯’ã€‚åªæœ‰æ—¶é—´å’Œè¯ç‰©å¯ä»¥ã€‚â€
2020-03-16 01:12:16 UTC <goodrick8964> è´¢ç»å†·çœ¼ï¼šçªå‘ï¼Œç¾è”å‚¨ç–¯ç‹‚é™æ¯æ‰“å…‰å­å¼¹ï¼Œå…¨çƒé‡‘èå¸‚åœºå±±å‘¼æµ·å•¸ï¼ï¼ˆ20200316ç¬¬186æœŸï¼‰  https://youtu.be/E8LWd5k6XdcÂ  æ¥è‡ª @YouTube
2020-03-17 16:51:04 UTC <Pwn20wnd> What is wrong with you? Why not just link my tweet instead of splitting it up in pieces and potentially causing misinformation?
2020-03-17 16:00:25 UTC <Pwn20wnd> Yes, system services will treat any process as if they have no entitlements if they lose CS_VALID.
2020-03-17 15:58:45 UTC <Pwn20wnd> You still lose CS_VALID if you invalidate your code signature on checkra1n.
2020-03-17 15:56:39 UTC <Pwn20wnd> (I will eventually write a new bootstrap tooling to take advantage of checkra1nâ€™s nature... )
2020-03-17 15:53:16 UTC <Pwn20wnd> Give me your latest panic-full log.
2020-03-17 15:52:13 UTC <Pwn20wnd> Substrate resigns memory and burns vnodes to preserve the CS_VALID status in kernel but my Substitute bootstrap tooling just fakes it in the userspace instead.  It is entirely possible that u0 with Substitute performs better than CR with Substrate due that one reason.
2020-03-17 14:16:17 UTC <Pwn20wnd> I am giving away 2 packages of TP.  Post a screenshot of your device running Cydia with the hashtag #unc0ver to enter the giveaway.  The winner will be DM'd after a coronavirus vaccine is available.
2020-03-18 13:18:51 UTC <HuPing1> å¦‚æœä½ çœŸçš„è®¤ä¸ºå«æ­¦æ±‰è‚ºç‚å°±æ˜¯é”™çš„å°±æ˜¯æ­§è§†ï¼Œæˆ‘åˆæ—©å‘Šè¯‰è¿‡ä½ â€œæ­¦æ±‰è‚ºç‚â€ä¸€è¯´æœ€å…ˆå‡ºè‡ªä¸­å›½å®˜åª’ï¼Œåˆ«äººéƒ½æ˜¯è·Ÿç€å­¦çš„ã€‚é‚£ä¹ˆï¼Œä½ å°±è¯¥å…ˆæ‰¹è¯„ä¸­å›½æ”¿åºœï¼Œä¸ºä»€ä¹ˆæœ€å…ˆå«æ­¦æ±‰è‚ºç‚ï¼Ÿå¸¦å¤´æ±¡ååŒ–æ­¦æ±‰äººä¸­å›½äººï¼Œå¸¦å¤´æ­§è§†æ­¦æ±‰äººä¸­å›½äººï¼Œè¿˜ä¸èµ¶å¿«å‘æ­¦æ±‰äººå‘ä¸­å›½äººè®¤é”™é“æ­‰ã€‚åªæœ‰åšåˆ°è¿™ä¸€ç‚¹ä»¥åï¼Œä½ æ‰æœ‰ç†ç”±å»è¦åˆ«äººæ”¹å£ã€‚ https://twitter.com/river8899/status/1240173473785237505Â â€¦
2020-03-18 06:17:14 UTC <HuPing1> ä½ è¿ä¸–å«å‘½åæ˜¯ä»€ä¹ˆéƒ½ä¸æ¸…æ¥šã€‚ https://twitter.com/Johnnytwi/status/1240157194240262149Â â€¦
2020-03-18 06:10:34 UTC <HuPing1> ä¸­å›½å®˜åª’è‡ªæˆ‘æ±¡ååŒ–çš„åˆä¸€è¯æ®ã€‚ https://twitter.com/Wince43937948/status/1240157523619045377Â â€¦
2020-03-18 06:02:51 UTC <HuPing1> ä¸–å«çš„åå­—ï¼Œä»¥ååˆå‡ºäº†ä¸€ç§ï¼ŒæŠŠå¹´å·æ”¹æ”¹å°±è¡Œäº†ï¼Œä¸€ç›®äº†ç„¶ã€‚æ­¦æ±‰è‚ºç‚è¿™ä¸ªåå­—ï¼Œæ”¹ä¸ªåœ°åå°±è¡Œäº†ã€‚æ¯•ç«Ÿï¼Œä¸‹ä¸€ä¸ªå‡ºç°åœ¨æ­¦æ±‰çš„æ¦‚ç‡æå°ã€‚ç›¸æ¯”ä¹‹ä¸‹ï¼Œæ–°å† ç—…æ¯’è¿™ä¸ªåå­—æœ€ä¸å¥½ã€‚ https://twitter.com/HuPing1/status/1240155560068165632Â â€¦
2020-03-18 05:58:21 UTC <HuPing1> ä¸–å«çš„è‹±æ–‡åå­—é‡Œå“ªæœ‰ä¸ªâ€œæ–°â€å­—ï¼Ÿå•ä»å‘½åè€Œè¨€ï¼Œæ–°å† ç—…æ¯’è‚ºç‚è¿™ä¸ªåå­—éƒ½å¾ˆä¸é«˜æ˜ï¼šå¦‚æœæ˜å¹´åˆå‡ºäº†ä¸€ç§å† çŠ¶ç—…æ¯’è‚ºç‚ï¼Œä½ æ€ä¹ˆå«ï¼Ÿå«æ–°æ–°å‹å† çŠ¶ç—…æ¯’è‚ºç‚å—ï¼Ÿè¿‡å‡ å¹´åˆå‡ºä¸€ç§ï¼Œå«æ–°æ–°æ–°å‹å† çŠ¶ç—…æ¯’è‚ºç‚å—ï¼Ÿæ¥ä¸‹æ¥ï¼Œæ–°æ–°æ–°æ–°å‹ï¼Œæ–°æ–°æ–°æ–°æ–°å‹ï¼Œé‚£è¿˜ä¸æŠŠäººæèƒ¡æ¶‚äº†ï¼Ÿ https://twitter.com/PHBb69LIcjMP3uV/status/1240153129053757440Â â€¦
2020-03-18 05:43:25 UTC <HuPing1> è¿™ä¸¤è€…å²‚èƒ½åŒæ—¥è€Œè¯­ã€‚ https://twitter.com/LingTing12/status/1239714551031087111Â â€¦
2020-03-18 05:36:34 UTC <HuPing1> å¯¹ä»–çš„ä»€ä¹ˆæ„¤æ€’ï¼Ÿåˆå¦‚ä½•èƒ½è½¬ç§»åˆ°åè£”å¤´ä¸Šï¼Ÿ https://twitter.com/guangyiwang/status/1239937905444843520Â â€¦
2020-03-18 05:03:21 UTC <HuPing1> å¦‚æœä½ çœŸçš„è®¤ä¸ºè¿™ä¸ªç—…åæœ‰ä¸­å›½åœ°åå°±æ˜¯é”™çš„ï¼Œæˆ‘åˆæ—©å‘Šè¯‰è¿‡ä½ â€œæ­¦æ±‰è‚ºç‚â€ä¸€è¯´æœ€å…ˆå‡ºè‡ªä¸­å›½å®˜åª’ï¼Œåˆ«äººéƒ½æ˜¯è·Ÿç€å­¦çš„ã€‚é‚£ä¹ˆï¼Œä½ å°±è¯¥å…ˆæ‰¹è¯„ä¸­å›½æ”¿åºœï¼Œä¸ºä»€ä¹ˆæœ€å…ˆå«æ­¦æ±‰è‚ºç‚ï¼Ÿå¸¦å¤´æ±¡ååŒ–æ­¦æ±‰äººä¸­å›½äººï¼Œè¿˜ä¸èµ¶å¿«å‘æ­¦æ±‰äººå‘ä¸­å›½äººè®¤é”™é“æ­‰ã€‚åªæœ‰åšåˆ°è¿™ä¸€ç‚¹ä»¥åï¼Œä½ æ‰æœ‰ç†ç”±å»è¦æ±‚åˆ«äººæ”¹å£ã€‚
2020-03-18 04:56:14 UTC <HuPing1> é”™ã€‚ä¸–å«å‘½åçš„ä¸­æ–‡ç¿»è¯‘æ˜¯ï¼š2019å† çŠ¶ç—…æ¯’ç—…ã€‚æˆ‘å†™çš„å¾ˆæ¸…æ¥šã€‚èµ¶å¿«è®¤é”™ã€‚ https://twitter.com/PHBb69LIcjMP3uV/status/1240139087576776704Â â€¦
2020-03-18 04:33:08 UTC <HuPing1> æ—¢ç„¶ä½ ä¸­å›½æ”¿åºœåœ¨ç»å¤§å¤šæ•°åœºåˆä¹Ÿæ²¡æœ‰é‡‡ç”¨ä¸–å«ç»„ç»‡çš„å‘½åï¼Œé‚£ä½ å‡­ä»€ä¹ˆè¦æ±‚åˆ«äººå¿…é¡»ç”¨ä¸–å«ç»„ç»‡çš„å‘½åå‘¢ï¼Ÿ
2020-03-18 04:33:08 UTC <HuPing1> ä¸­å…±å®˜å‘˜è¯´ï¼Œæ—¢ç„¶ä¸–å«ç»„ç»‡å·²ç»æ­£å¼å‘½åäº†ï¼Œå¤§å®¶å°±éƒ½åº”è¯¥ç”¨ä¸–å«ç»„ç»‡å–çš„åå­—ã€‚ä¸æ˜¯çš„ã€‚ä¸­å›½æ”¿åºœè‡ªå·±å°±æ²¡æœ‰è¿™ä¹ˆåšå˜›ã€‚æŸ¥çœ‹ä¸­å…±å®˜åª’ï¼Œä¾‹å¦‚äººæ°‘æ—¥æŠ¥ï¼Œå°¤å…¶æ˜¯ä¹ è¿‘å¹³çš„å†æ¬¡è®²è¯ï¼Œä»æ¥æ²¡æœ‰ç”¨è¿‡ä¸–å«ç»„ç»‡å–çš„é‚£ä¸ªâ€œ2019å† çŠ¶ç—…æ¯’ç—…â€COVID-19åå­—ï¼Œè€Œæ€»æ˜¯æŠŠå®ƒå«åšæ–°å† è‚ºç‚æˆ–æ–°å‹å† çŠ¶ç—…æ¯’è‚ºç‚ã€‚
2020-03-18 04:11:05 UTC <HuPing1> æ˜¯çš„ï¼Œæ˜¨å¤©VOAèŠ‚ç›®é‡Œï¼Œç« ç«‹å‡¡å°±æåˆ°å…‹å±±ç—…ã€‚æ­¤ç—…å› é¦–å…ˆå‘ç°äºé»‘é¾™æ±Ÿå…‹å±±å¿è€Œå¾—åã€‚è¿™ä¸ªåå­—å¯æ˜¯ä¸­å›½äººè‡ªå·±å–çš„ï¼Œåˆ°ç°åœ¨ä¸€ç‚¹æ²¡æœ‰æ”¹åçš„æ„æ€ã€‚ https://twitter.com/jsmiaopu/status/1240125860545519616Â â€¦
2020-03-18 03:27:18 UTC <HuPing1> å†çœ‹çœ‹äºšåˆ©æ¡‘é‚£å±±è°·çƒ­è¿™ç§ä¼ æŸ“ç—…ã€‚è¿™ç§ç—…æ˜¯å»æ‰åœ°åå¥½è¿˜æ˜¯æœ‰åœ°åå¥½ï¼ŸZTï¼šæ–¹åŠ±ä¹‹ç”Ÿå‰è°ˆä»–å¾—çš„æ€ªç—…ï¼šäºšåˆ©æ¡‘é‚£å±±è°·çƒ­ ã€‚ é“¾æ¥ï¼š https://bbs.wenxuecity.com/backhome/718650.htmlÂ â€¦
2020-03-18 03:15:37 UTC <HuPing1> æˆ‘æ°æ°è¯´çš„æ˜¯å’Œå‘½åæ²¡ä»€ä¹ˆå…³ç³»å˜›ã€‚ https://twitter.com/shida_chen/status/1240114183431208960Â â€¦
2020-03-18 03:08:31 UTC <HuPing1> ä¸–å«æ–°è§„å®šä¹Ÿä¸èµæˆç”¨äººåå‘½åä¼ æŸ“ç—…ï¼Œä»¥å…æ±¡ååŒ–ã€æ­§è§†æ€§è”æƒ³ã€‚å¯æ˜¯ï¼Œéº»é£ç—…è¢«åŒ»å­¦ç•Œå«åšæ±‰æ£®ç—…ï¼Œçºªå¿µéº»é£æ†èŒå‘ç°è€…æŒªå¨åŒ»ç”Ÿæ±‰æ£®ï¼Œæ²™é—¨æ°èŒä¹Ÿæ˜¯ä»¥é¦–ä½å‘ç°è€…æ²™é—¨å‘½åã€‚è¿™åˆ†æ˜æ˜¯æå¤§çš„è£è€€ã€‚ä¸å‡†ç”¨äººåå‘½åï¼Œç­‰äºæ˜¯å‰¥å¤ºäº†è¿™ç§äººè·å¾—ä¸€ç§è£è€€çš„æœºä¼šã€‚ä¹Ÿæœªå¿…éƒ½æ˜¯å¥½ä½œç”¨å‘¢ã€‚
2020-03-18 03:08:30 UTC <HuPing1> ä¸–å«ç»„ç»‡2015å¹´çš„æ–°è§„å®šæœªå¿…é«˜æ˜ã€‚æ˜¯å¦å¸¦æ¥æ­§è§†æ€§è”æƒ³å’Œå‘½åå¹¶æ— å¤šå¤§å…³ç³»ã€‚ä¸­å›½æ”¿åºœé™¤äº†æ—©æœŸç”¨è¿‡æ­¦æ±‰è‚ºç‚å¤–ï¼Œä¸€ç›´åˆ°ç°åœ¨éƒ½ç”¨çš„æ˜¯æ–°å† ç—…æ¯’ã€‚ä½†æ˜¯å°±æ˜¯åœ¨ä¸­å›½ï¼Œå¯¹æ­¦æ±‰äººçš„æ­§è§†è¿˜å°‘äº†å—ï¼Ÿå¾ˆå¤šäººåªå› èº«ä»½è¯ä¸Šæœ‰æ­¦æ±‰ï¼Œä¹°æœºç¥¨é«˜é“å…¥ä½æ—…é¦†éƒ½è¢«æ’æ–¥ã€‚ç½‘ä¸Šè¿™ç§æ•…äº‹å¤ªå¤šäº†ã€‚ https://twitter.com/shida_chen/status/1240107636407713792Â â€¦
2020-03-18 03:02:38 UTC <HuPing1> ZTï¼š10ç¨®ã€Œåœ°æ–¹å‘½åã€è€³ç†Ÿèƒ½è©³å‚³æŸ“ç—…ï¼šå¾·åœ‹éº»ç–¹ã€æ—¥æœ¬è…¦ç‚ã€ å¯¨å¡ç—…æ¯’ã€ã€Œä½ æ‡‚çš„ã€è‚ºç‚ï¼Œé‚„æœ‰å“ªäº›ï¼Ÿ https://www.hkcnews.com/article/27852/%E6%AD%A6%E6%BC%A2%E8%82%BA%E7%82%8E-%E5%82%B3%E6%9F%93%E7%97%85%E5%91%BD%E5%90%8D-%E5%BB%9A%E8%81%B7%E8%83%8C%E9%81%8A-27927/%E6%97%85%E8%A1%8C%E9%98%B2%E7%96%AB%E6%87%B6%E4%BA%BA%E5%8C%85%E2%80%9410%E7%A8%AE%E3%80%8C%E5%9C%B0%E6%96%B9%E5%91%BD%E5%90%8D%E3%80%8D%E8%80%B3%E7%86%9F%E8%83%BD%E8%A9%B3%E5%82%B3%E6%9F%93%E7%97%85%EF%BC%9A%E5%BE%B7%E5%9C%8B%E9%BA%BB%E7%96%B9%E3%80%81%E6%97%A5%E6%9C%AC%E8%85%A6%E7%82%8E%E3%80%81-%E5%AF%A8%E5%8D%A1%E7%97%85%E6%AF%92%E3%80%81%E3%80%8C%E4%BD%A0%E6%87%82%E7%9A%84%E3%80%8D%E8%82%BA%E7%82%8E%EF%BC%8C%E9%82%84%E6%9C%89%E5%93%AA%E4%BA%9B%EF%BC%9FÂ â€¦
2020-03-18 02:36:29 UTC <HuPing1> ç‰¹æœ—æ™®è¯´çš„ä¸­å›½ç—…æ¯’ï¼ŒåŸæ–‡æ˜¯ï¼šChinese Virus. åˆï¼Œå¾·å›½éº»ç–¹ï¼Œè‹±æ–‡æ˜¯ï¼šGerman measles ï¼ˆä¸æ˜¯Germany measlesï¼‰ æ—¥æœ¬è„‘ç‚ï¼Œè‹±æ–‡æ˜¯ï¼šJapanese encephalitisï¼ˆä¸æ˜¯Japan encephalitisï¼‰ åœ¨è®¨è®ºæ±¡ååŒ–é—®é¢˜æ—¶ï¼Œå…ˆè¦å¼„æ¸…æ¥šä¸€äº›äº‹å®ã€‚
2020-03-17 23:21:45 UTC <HuPing1> CDCæ˜æ˜è¯´çš„æ˜¯ç°åœ¨ï¼ˆtodayï¼‰ã€‚ç¾å›½ã€æ¬§æ´²ï¼Œä¹ŸåŒ…æ‹¬ä¸­å›½ï¼Œéƒ½å¯èƒ½æœ‰äººç”±äºæ²¡å¾—åˆ°æ ¸é…¸æ£€æµ‹ï¼Œæœªè¢«ç¡®è¯Šä¸ºæ–°å† ç—…æ¯’ï¼Œå°±æ­»äº†ï¼Œå°±å½“ä½œä¸€èˆ¬æµæ„Ÿæˆ–è‚ºç‚ï¼Œè€Œå®é™…ä¸Šæ˜¯æ­»äºæ–°å† ã€‚è¿™å’Œæ˜çŸ¥æ˜¯æ­»äºæ–°å† ï¼Œä½†å¦è®¤æˆ–éšç’ï¼Œè°ç§°æ­»äºæµæ„Ÿæˆ–è‚ºç‚ï¼Œæ ¹æœ¬æ˜¯ä¸¤å›äº‹ã€‚ https://twitter.com/arvinsummer/status/1240039328853536768Â â€¦
2020-03-18 13:01:48 UTC <Google> You're welcome! Feel free to reach out if you have any other Google Assistant questions in the future.
2020-03-18 12:59:52 UTC <Google> You're welcome! Feel free to reach out if you have any other Google App questions in the future.
2020-03-18 12:58:37 UTC <Google> Hi there. We suggest adding extra layers of security to your account with these tips:  http://g.co/help/dafh6Â . Hope this helps.
2020-03-18 12:57:02 UTC <Google> You're welcome. Feel free to reach out if you have any other Google Assistant questions in the future.
2020-03-18 10:36:13 UTC <Google> Hi there. Try the troubleshooting steps in this guide to fix the issue with the Google Assistant:  https://goo.gle/2QqVpYDÂ . Let us know if this helps.
2020-03-18 10:34:47 UTC <Google> Mind if we jump in, Aravind? This guide may help( See "Turn the Google Assistant on or off" section):  https://goo.gle/2qmKV2cÂ . Keep us posted.
2020-03-18 10:29:08 UTC <Google> Hmm. Just to confirm, have you already tried recovering your account using the steps here:  http://g.co/help/me623Â ? These tips may help:  http://g.co/help/gqq63Â . Let us know.
2020-03-18 10:29:08 UTC <Google> Hi Sainath. Could you try connecting to a different network (preferably WiFi) to see if it works fine? Keep us posted.
2020-03-18 10:27:43 UTC <Google> Hi Drishtant. Just to confirm, are you using a school or corporate (G Suite) account with the Google Assistant? Let us know.
2020-03-18 10:25:21 UTC <Google> You're welcome. Feel free to reach out if you have any other Google Search questions in the future.
2020-03-18 10:22:40 UTC <Google> Hi there. Could you please tell us more about what's going on with your Google Translate? We'll see what we can do to help.
2020-03-18 10:20:53 UTC <Google> Hi there. Try clearing the cache of the Google app to fix the Assistant: Go to device Settings > Apps > Google > Storage > Clear Cache. Let us know if that helps.
2020-03-18 10:19:44 UTC <Google> Hi there. You can report phishing directly from a suspect email. More information here:  http://g.co/help/8hg4cÂ . Hope this helps.
2020-03-18 10:16:41 UTC <Google> Hi there. Just to confirm, are you still able to sign into your account? Let us know.
2020-03-18 10:15:54 UTC <Google> Hey Melissa, it looks like you're on an iPad - dark mode may be coming to the iOS Google App but is not yet available. You can, however, search in dark mode on Chrome on iOS 13 and up by following the instructions here:  https://goo.gle/38Y1mmyÂ . Hope it helps!
2020-03-18 10:14:18 UTC <Google> Hi Matthew. Have you already tried recovering your account using the steps here:  http://g.co/help/me623Â ? These tips may help:  http://g.co/help/gqq63Â . Let us know.
2020-03-18 10:02:36 UTC <Google> Hi Wayne. These steps may help you regain access to your account:  http://g.co/help/me623Â . Let us know.
2020-03-18 09:54:43 UTC <Google> Hi there. Let's see what we can do to help. Look out for a DM with next steps.
2020-03-18 09:51:37 UTC <Google> Hmm. If he sends us a tweet, we'll see what we can do to help. In the meantime, make sure he's completed the steps at  http://g.co/help/me623Â .
2020-03-17 08:40:18 UTC <fsihhsbri> Tak kelakar laaa gilaa
2020-03-17 06:26:56 UTC <fsihhsbri> Cutiii, tpi lepasss pengumuman semalam na. Bfr tu tok brani lagi nk balik hehe
2020-03-17 06:26:18 UTC <fsihhsbri> Aaah. Menuju puncak, gemilang cahayaaaaaaaaaaaaaaa hahhahaa
2020-03-16 13:49:05 UTC <fsihhsbri> Orang lain dh tarik luggage, kita bila lagi?
2020-03-16 11:08:01 UTC <fsihhsbri> Awan seri iskandar âœŒğŸ¼ pic.twitter.com/BFkjBO2mTg
2020-03-16 00:39:33 UTC <fsihhsbri> Seri iskandar plsss mak bae
2020-03-18 13:39:44 UTC <VOAChinese> â€œè®©æˆ‘ä»¬ç…§é¡¾å¥½è‡ªå·±å’Œå½¼æ­¤ï¼Œä¸è¦å˜å¾—ä¸å ªæˆ–å˜å¾—åæ‰§ï¼Œâ€ç¾å›½æ¼”å‘˜é©¬ä¿®Â·éº¦åº·çº³åœ¨ä¸ªäººæ¨ç‰¹ä¸Šå‘¼åï¼Œâ€œæˆ‘ä»¬é¢å¯¹çš„æ•Œäººï¼Œå† çŠ¶ç—…æ¯’ï¼Œå®ƒæ²¡æœ‰é¢å­”ï¼Œæ²¡æœ‰æ—è£”ï¼Œæ²¡æœ‰æ€§åˆ«ï¼Œæ²¡æœ‰å®—æ•™ï¼Œæ²¡æœ‰å…šæ´¾ã€‚å®ƒæ˜¯æˆ‘ä»¬éƒ½è¦æˆ˜èƒœçš„æ•Œäººã€‚â€ ç›®å‰å…¨çƒæ–°å† ç—…ä¾‹è¶…è¿‡20ä¸‡ï¼Œç¾å›½è¶…è¿‡6500ä¾‹ã€‚ pic.twitter.com/Kdzlea9SgT
2020-03-18 13:12:20 UTC <VOAChinese> æœ€æ–° #ç¿»å¢™é“¾æ¥ï¼Œæ¬¢è¿åˆ†äº«(2020.3.18æ›´æ–°) 1)  https://jingzhi08.infoÂ (ç²¾è‡´08) 2)  https://meishu11.infoÂ (ç¾æœ¯11) #ç¿»å¢™è½¯ä»¶ 1) nthLink   http://bit.ly/download-nthLinkÂ â€¦ 2) èµ›é£3  http://bit.ly/saifeng3Â   è¯¦ç»† #ä¸Šç½‘åŠæ³• è¯·å‚ç…§ ğŸ‘‰  http://VOAChinese.comÂ  pic.twitter.com/Yvw7viwnSd
2020-03-18 12:09:02 UTC <VOAChinese> é˜²å µç–«æƒ…æ‰©æ•£ å°æ¹¾å®£å¸ƒä¸€å¾‹é™åˆ¶å¤–å›½äººå…¥å¢ƒ http://dlvr.it/RS69ncÂ 
2020-03-18 11:53:02 UTC <VOAChinese> FCCCï¼šç¾ä¸­äº’é€è®°è€…æ— èµ¢å®¶ åŒ—äº¬ç§°æ‰€æœ‰é€‰é¡¹éƒ½åœ¨æ¡Œé¢ http://dlvr.it/RS670GÂ 
2020-03-18 11:23:05 UTC <VOAChinese> ä¸­å›½è¿ç»­ç¬¬äº”å¤©å¢ƒå¤–è¾“å…¥æ–°å† ç—…ä¾‹è¶…è¿‡å›½å†… http://dlvr.it/RS62VfÂ 
2020-03-18 08:30:02 UTC <VOAChinese> å°æ¹¾æ–°å¢æ–°å† ç—…æ¯’ç¡®è¯Šç—…ä¾‹23ä¾‹ å†åˆ›å•æ—¥æ–°é«˜çºªå½• http://dlvr.it/RS5Z4ZÂ 
2020-03-18 07:43:32 UTC <VOAChinese> ä¸œäº¬éƒ½çŸ¥äº‹ï¼šä¸œå¥¥ä¸å¯èƒ½ä¸­æ­¢æˆ–æ— è§‚ä¼— http://dlvr.it/RS5SjvÂ 
2020-03-18 07:00:00 UTC <VOAChinese> ã€å°æ°‘ï¼šä¸­å›½å¤§å­¦åŸ¹å…»å‡ºæ¥å¤§æ‰¹â€œç²¾è‡´çš„åˆ©å·±ä¸»ä¹‰è€…â€ ç¼ºä¹â€œåŸºæœ¬çš„å…¬å¾·â€ ã€‘è¿™äº›äººå¾€å¾€éƒ½æ˜¯å—åˆ°ä¸­å…±æœ€ä¼˜ç§€æ•™è‚²çš„äººï¼Œä»–ä»¬æ˜¯ä¸­å›½å¤§å­¦åŸ¹å…»å‡ºæ¥çš„â€˜ç²¾è‡´çš„åˆ©å·±ä¸»ä¹‰è€…â€™ã€‚è¿™ä¸ªåº”è¯¥è¯´å’Œæˆ‘ä»¬ä¸­å›½çš„æ•™è‚²åˆ¶åº¦æœ‰ç›´æ¥çš„å…³ç³»ã€‚è¿™ä¸ªè´£ä»»ä¸å•å•æ˜¯å¥¹ä¸ªäººçš„é—®é¢˜ï¼Œåº”è¯¥è¯´æ˜¯è¿™ä¸ªåˆ¶åº¦çš„é—®é¢˜ã€‚#æ—¶äº‹å¤§å®¶è°ˆ #ç²¾å½©ç‚¹è¯„ pic.twitter.com/8mFv7G2Kua
2020-03-18 06:00:00 UTC <VOAChinese> ã€å´å»ºæ°‘ï¼šä¸­å…±å®˜åª’è¥é€ çš„æ°”æ°›ä¿ƒä½¿æµ·å¤–åäººçº·çº·å›å›½ã€‘è¿™ä¸ªä¸»è¦æ˜¯ä¸­å…±å®˜åª’è¥é€ çš„ä¸€ç§æ°”æ°›ã€‚å› ä¸ºä¸­å…±å®˜åª’ä»ä¹ è¿‘å¹³åˆ°è®¿æ­¦æ±‰ä¹‹åå°±è¦åœ¨å…¨çƒå®£å¸ƒä¸­å›½å³å°†å–å¾—èƒœåˆ©ï¼Œå³å°†å–å¾—å…¨éƒ¨èƒœåˆ©ï¼Œç›®å‰ä»–ä»¬å«â€˜é˜¶æ®µæ€§èƒœåˆ©â€™ã€‚é‚£é˜¶æ®µæ€§èƒœåˆ©æ€ä¹ˆè¡¨ç°å‘¢ï¼Œä»–ä»¬å°±åœ¨å®˜åª’ä¸Šè¥é€ äº†ä¸€ä¸ªå…¨çƒåäººçˆ±å›½å›å›½ã€‚#æ—¶äº‹å¤§å®¶è°ˆ #ç²¾å½©ç‚¹è¯„ pic.twitter.com/PGyChdY4cA
2020-03-18 04:10:03 UTC <VOAChinese> å°å¤–é•¿ï¼šç¾å°å…±åŒé˜²ç–« å±•å¼€å…­é¡¹åˆä½œ http://dlvr.it/RS55VBÂ 
2020-03-18 02:26:44 UTC <VOAChinese> æ¥è‡ªå¾·å›½çš„Karoline Preislerå’Œå¥¹çš„ä¸ˆå¤«æœ€è¿‘éƒ½è¢«æŸ¥å‡ºæ„ŸæŸ“æ–°å† ç—…æ¯’ã€‚å¥¹çš„ä¸ˆå¤«åœ¨å®¶éš”ç¦»ï¼Œé¡ºä¾¿å¯ä»¥ç…§é¡¾ä¸‰ä¸ªå­©å­ã€‚Karolineåˆ™ä½è¿›äº†åŒ»é™¢ï¼Œå¥¹è¯´ï¼Œéš”ç¦»ç”Ÿæ´»æœ€å¤§çš„å½±å“æ—¶ç¼ºä¹ä¸äººæ¥è§¦ã€‚Karolineè¿˜è¡¨ç¤ºè‡ªå·±å‡ºé™¢åå°±ä¸ä¼šå†è¢«æ„ŸæŸ“ï¼Œé‚£æ—¶å¥¹è¦å¸®åŠ©å…¶ä»–è¢«æ„ŸæŸ“çš„äººã€‚ pic.twitter.com/EQ2lyte3xr
2020-03-18 02:05:33 UTC <VOAChinese> ä¸­å›½è‚‰ä»·å¤§æ¶¨135% å…¨çƒç–«æƒ…ç»™ä¸­å›½ç»æµæ³¨å…¥ä¸ç¡®å®šå› ç´  http://dlvr.it/RS4w2XÂ 
2020-03-18 01:03:33 UTC <VOAChinese> ã€ç¾å›½ä¹‹éŸ³é—®å·ã€‘ç¾å›½çš„ä¸€ç»„å¿—æ„¿è€…16æ—¥åœ¨åç››é¡¿å·è¥¿é›…å›¾æ¥å—è¯•éªŒæ€§çš„æ–°å† ç—…æ¯’ç–«è‹—æ³¨å°„ã€‚è¿™ä¸€é˜¶æ®µçš„æµ‹è¯•ç€é‡äºç–«è‹—çš„å®‰å…¨æ€§ä»¥åŠå¯¹äººä½“å…ç–«ç³»ç»Ÿçš„ä½œç”¨ã€‚å¦‚æœæœ‰æœºä¼šï¼Œä½ æ„¿æ„åšç–«è‹—è¯•éªŒçš„å¿—æ„¿è€…å—ï¼Ÿ#voapoll
2020-03-17 23:43:32 UTC <VOAChinese> ç¾ç¡®è¯Šäººæ•°æ—¥å¢2000ï¼Œæ®ç§°ç‰¹æœ—æ™®åŠ å¼ºæŠ—ç–«è·Ÿè‹±å›½ç ”ç©¶æŠ¥å‘Šæœ‰å…³ http://dlvr.it/RS4gZQÂ 
2020-03-17 23:37:17 UTC <VOAChinese> 3æœˆ17æ—¥çš„ç™½å®«ç®€æŠ¥ä¼šä¸Šï¼Œç¾å›½è´¢é•¿å§†åŠªé’¦è¢«è®°è€…é—®åˆ°å…³äºå‘æ¯ä¸ªç¾å›½äººæ´¾å‘1000ç¾å…ƒæ”¯ç¥¨æ—¶ï¼Œå§†åŠªé’¦å›ç­”è¯´ï¼Œâ€œæˆ‘è®¤ä¸ºå¾ˆæ˜æ˜¾ï¼Œæˆ‘ä»¬ä¸éœ€è¦ç»™å¹´æ”¶å…¥ä¸€ç™¾ä¸‡çš„äººæ”¯ç¥¨ã€‚â€ ç‰¹æœ—æ™®æ€»ç»Ÿè¡¥å……è¯´ï¼Œâ€œæˆ‘è®¤ä¸ºæˆ‘ä»¬å°†åšä¸€äº›èƒ½å¤Ÿå°½å¿«ç»™ä»–ä»¬é’±çš„äº‹æƒ…ã€‚â€  https://bit.ly/2vsQijpÂ  pic.twitter.com/YWIhbdql53
2020-03-17 23:00:00 UTC <VOAChinese> çº½çº¦ç™¾è€æ±‡å› æ–°å† ç–«æƒ…äº3æœˆ12æ—¥å‚æ™šèµ·æš‚åœæ¼”å‡ºä¸€ä¸ªæœˆã€‚SiriusXMä¸»æŒRudetskyå’Œåˆ¶ä½œäººWesleyå†³å®šé‚€è¯·æ˜æ˜Ÿæ¯å¤©ç›´æ’­ä¸¤åœºè¿·ä½ éŸ³ä¹ä¼šï¼Œä»å®¶é‡Œä¸ºå¤§å®¶å¸¦æ¥å¥½å£°éŸ³ã€‚3æœˆ16æ—¥ï¼Œå‡¯è‰Â·å¥¥å“ˆæ‹‰åœ¨ #StarsInTheHouse é¦–åœºç›´æ’­ä¸ºç½‘å‹çŒ®å”±Getting To Know Youã€‚æ‚ æ‰¬æ­Œå£°ä¼´éšå³å…´æ¨¡ä»¿ç¬‘æœåè¶³ï¼Œä¸€èµ·æ¥çœ‹çœ‹ï¼#TheActorsFund pic.twitter.com/aTzmfrYvk9
2020-03-17 22:10:02 UTC <VOAChinese> ä¸­å›½å¨æƒæŠ—å½¹æ¨¡å¼è¾ƒæ°‘ä¸»æ›´ä¼˜ï¼Ÿåˆ†ææŒ‡å°æ¹¾è¯æ˜å¹¶éå¦‚æ­¤ http://dlvr.it/RS4VtlÂ 
2020-03-17 22:10:01 UTC <VOAChinese> æ–°å† ç–«æƒ…å†²å‡»ç»æµ å„å›½æ¨å‡ºç»æµæ•‘åŠ©è®¡åˆ’ http://dlvr.it/RS4Vt8Â 
2020-03-17 21:30:15 UTC <VOAChinese> é’ˆå¯¹ç¾å›½æ”¿åºœåœ¨æ­¤ä¹‹å‰å¯¹ä¸­å›½é©»ç¾å®˜åª’çš„é™åˆ¶ï¼Œä¸­å›½æ”¿åºœæ˜ŸæœŸäºŒ(3æœˆ17æ—¥)å®£å¸ƒååˆ¶æªæ–½ï¼Œè¦æ±‚ç¾å›½ä¹‹éŸ³ç­‰äº”å®¶åª’ä½“ç”³æŠ¥äººå‘˜å’Œè´¢äº§ï¼Œå¹¶ä¸”é©±é€ä¸‰å®¶åª’ä½“çš„ç¾ç±è®°è€…ã€‚ç¾å›½å›½åŠ¡å¿è“¬ä½©å¥¥å¯¹æ­¤è¡¨ç¤ºé—æ†¾ã€‚ä»–è¯´ï¼Œç¾æ–¹åˆšåˆšçœ‹åˆ°ä¸­æ–¹çš„å†³å®šï¼Œå¸Œæœ›ä¸­æ–¹é‡æ–°è€ƒè™‘ã€‚ https://bit.ly/3aatS5TÂ  pic.twitter.com/29OGvYnuUv
2020-03-18 13:30:37 UTC <DongFang_USA> å¡å°”å·´æ–¯ï¼šç°åœ¨æ˜¯å°†ä¸­å…±ï¼ˆæ´¾é©»ï¼‰ç¾å›½çš„æ‰€æœ‰475åâ€œè®°è€…â€å…¼é—´è°ç«‹å³é©±é€å‡ºæˆ‘ä»¬çš„å›½å®¶çš„æ—¶å€™äº†ã€‚è®©æˆ‘ä»¬åœ¨ç›®å‰è¿™ä¸ªå…³é”®æ—¶åˆ»é‡‡å–è¿™é¡¹å¯¹ç­‰è¡ŒåŠ¨ï¼Œç„¶åå¤„ç†å…¶ä»–äº‹åŠ¡ã€‚ https://twitter.com/jkylebass/status/1240092804346511360Â â€¦
2020-03-18 12:14:16 UTC <DongFang_USA> ä¸­å›½ä¸“å®¶ä¸ºèµµç«‹åšç«™å°ï¼š3æœˆ18æ—¥ï¼Œåœ¨ç”±å»£å·å¸‚äººæ°‘æ”¿åºœæ–°èè¾¦èˆ‰è¡Œçš„é€šæ°£æœƒä¸Šï¼Œä¸­åœ‹å·¥ç¨‹é™¢é™¢å£«é¾å—å±±è¡¨ç¤ºï¼Œæ²’æœ‰è­‰æ“šè¡¨æ˜æ–°å† è‚ºç‚ç–«æƒ…æºé ­åœ¨æ­¦æ¼¢ã€‚æ²’æœ‰ææ¸…æ¥šä»¥å‰å°±éš¨ä¾¿ä¸‹çµè«–ï¼Œæˆ‘çœ‹æ˜¯ä¸è² è²¬ä»»çš„ã€‚ https://twitter.com/pdchinese/status/1240223923813277697Â â€¦
2020-03-17 19:47:15 UTC <DongFang_USA> ç¾å›½ä¹‹éŸ³å¹¶æ²¡æœ‰å¹¸å…äºéš¾ã€‚ä¸­å…±å¯¹ç¾å›½åª’ä½“å®æ–½ä¸‰æ¡æŠ¥å¤æªæ–½ï¼Œç¬¬ä¸€æ¡åˆ¶è£äº†äº”å®¶ï¼Œç¾å›½ä¹‹éŸ³é¦–å½“å…¶å†²ã€‚ç¬¬äºŒæ¡æƒ©ç½šæªæ–½ï¼Œä¹Ÿå°±æ˜¯åŠé”€è®°è€…è¯ï¼Œæš‚æ—¶é’ˆå¯¹ä¸‰å®¶ç¾å›½é©»ååª’ä½“ï¼Œåˆ†åˆ«æ˜¯çº½çº¦æ—¶æŠ¥ï¼Œåç››é¡¿é‚®æŠ¥å’Œåå°”è¡—æ—¥æŠ¥ã€‚å¯¹ä¸­å…±æ¥è¯´ï¼Œç¾å›½å®˜æ–¹åª’ä½“å’Œç§è¥åª’ä½“çš„åŒºåˆ«ï¼Œä¼¼ä¹æ²¡æœ‰é‚£ä¹ˆé‡è¦ï¼Œéƒ½æ˜¯å¢ƒå¤–åååŠ¿åŠ›çš„ä¸€éƒ¨åˆ†ã€‚ https://twitter.com/QiaoMoo/status/1239963614741585920Â â€¦
2020-03-17 18:56:50 UTC <DongFang_USA> æœ‰è®°è€…é—®â€œä¼šä¸ä¼šæ±¡ååŒ–â€ï¼Ÿå·æ™®è¯´ï¼šä»–ä»¬è¯´ç¾å†›å¸¦å»ç—…æ¯’æ‰æ˜¯æ±¡ååŒ–ã€‚ https://twitter.com/DongFang_USA/status/1239988807962951681Â â€¦
2020-03-17 18:55:44 UTC <DongFang_USA> çªå‘ï¼šå·æ™®åšæŒä¸­å›½ç—…æ¯’çš„è¯´æ³•ã€‚åœ¨3æœˆ17æ—¥ç™½å®«è®°è€…ä¼šä¸Šï¼Œæœ‰è®°è€…é—®å·æ™®ä½¿ç”¨â€ä¸­å›½ç—…æ¯’â€œè¿™ä¸ªè¯å¼•èµ·äº†äº‰è®®ï¼Œå¯¹æ­¤ä»–æœ‰ä½•å›åº”ï¼Ÿ å·æ™®è¯´ï¼šä¸­å›½æ¨å‡ºä¸å®ä¿¡æ¯ï¼Œè¯´æˆ‘ä»¬çš„å†›é˜ŸæŠŠè¿™ä¸ª(ç—…æ¯’)ä¼ ç»™ä»–ä»¬ï¼Œè¿™æ˜¯ä¸å®çš„ã€‚æˆ‘å†³å®šï¼Œæ— é¡»äº‰è®ºï¼Œæˆ‘åªé¡»æŒ‰ç…§å®ƒçš„æ¥æºç§°å‘¼å®ƒï¼Œå®ƒæ˜¯ä»ä¸­å›½æ¥çš„ã€‚æ‰€ä»¥æˆ‘è®¤ä¸ºè¿™æ˜¯ä¸€ä¸ªéå¸¸å‡†ç¡®çš„æœ¯è¯­ã€‚ pic.twitter.com/05hWDDT0V1
2020-03-17 18:47:20 UTC <DongFang_USA> ä¸ä½œä¸æ­»ï¼ŒNo Zuo No Die. https://twitter.com/dandliongone/status/1239983426213560320Â â€¦
2020-03-17 18:46:05 UTC <DongFang_USA> è‚¯å®šæ˜¯ä¸€åœºå¤§æˆï¼Œç­‰ç€çœ‹çƒ­é—¹çš„ï¼Œä¸ä¼šå¤±æœ›çš„ã€‚ https://twitter.com/MsShuYu/status/1239984625407201280Â â€¦
2020-03-17 18:45:18 UTC <DongFang_USA> å¹¿è¯šå…„ï¼Œæ®æˆ‘çš„ç†è§£ï¼Œè¿™æ¬¡æ˜¯ä¸­æ–¹é¦–æ¬¡è¿™æ ·è¦æ±‚ï¼Œä»¥å‰æ²¡æœ‰è¦æ±‚ç¾å›½ä¹‹éŸ³ç™»è®°æ‰€æœ‰èµ„äº§ï¼Œäººå‘˜ï¼Œè®¾å¤‡ä»¥åŠè¿ä½œæƒ…å†µã€‚ https://twitter.com/iguangcheng/status/1239985030757310464Â â€¦
2020-03-17 18:43:34 UTC <DongFang_USA> 1. è®°è€…è¯å’Œè®°è€…ç­¾è¯ä¸æ˜¯ä¸€å›äº‹ã€‚è®°è€…è¯æ˜¯å¤–äº¤éƒ¨å‘ç»™å¤–åª’é©»äº¬è®°è€…çš„è¯ä»¶ï¼Œæˆ‘ä»¬å‡­æ­¤è¯è¿›å…¥å¤–äº¤éƒ¨ã€å›½æ–°åŠç­‰å‚åŠ æ–°é—»å‘å¸ƒä¼šã€‚è®°è€…ç­¾è¯ï¼ˆJç±»ç­¾è¯ï¼‰ç”±å…¬å®‰éƒ¨é—¨ç­¾å‘åœ¨å¤–åª’è®°è€…çš„æŠ¤ç…§ä¸Šï¼Œå¸¸é©»è®°è€…ç­¾è¯æœ‰æ•ˆæœŸåªåˆ°å¹´åº•ã€‚ 2. æˆ‘çš„ç†è§£æ˜¯æ‰€æœ‰ç¾ç±è®°è€…çš„è®°è€…è¯æœ‰æ•ˆæœŸå’ŒæŠ¤ç…§ä¸ŠJ ç±»ç­¾è¯çš„æœ‰æ•ˆæœŸäº’ä¸ºå¯¹åº”ï¼Œå¹´åº•åˆ°æœŸã€‚ https://twitter.com/junl2004/status/1239983227588112384Â â€¦
2020-03-17 18:32:01 UTC <DongFang_USA> ä»¥å·æ™®æ€»ç»Ÿçš„ä¸ªæ€§ä»¥åŠç™½å®«ä¸­å¯¹åé¹°æ´¾å æ®ä¸»åœ°ä½çš„æƒ…åŠ¿ï¼Œç¾æ–¹åŠ¿å¿…å¯¹ä¸­å…±é©»ç¾å›½çš„å®˜åª’å®æ–½æ›´åŠ å¼ºç¡¬ã€å¹¿æ³›çš„åˆ¶è£æªæ–½ã€‚ https://twitter.com/PDChinese/status/1239956422760321026Â â€¦
2020-03-17 18:29:26 UTC <DongFang_USA> ä¸­å›½æ”¿åºœåˆ¶è£ç¾å›½åª’ä½“å¹¶æ²¡æœ‰æŠŠç¾å›½ä¹‹éŸ³æ’é™¤åœ¨å¤–ã€‚ä¸­æ–¹ç¬¬ä¸€æ¡åˆ¶è£æªæ–½é’ˆå¯¹äº”å®¶åª’ä½“ï¼Œç¾å›½ä¹‹éŸ³ååˆ—å‰èŒ…ã€‚ â€ä¸­æ–¹å¯¹ç­‰è¦æ±‚â€œç¾å›½ä¹‹éŸ³â€ã€ã€Šçº½çº¦æ—¶æŠ¥ã€‹ã€ã€Šåå°”è¡—æ—¥æŠ¥ã€‹ã€ã€Šåç››é¡¿é‚®æŠ¥ã€‹ã€ã€Šæ—¶ä»£å‘¨åˆŠã€‹è¿™5å®¶ç¾å›½åª’ä½“é©»ååˆ†ç¤¾å‘ä¸­æ–¹ç”³æŠ¥åœ¨ä¸­å›½å¢ƒå†…æ‰€æœ‰å·¥ä½œäººå‘˜ã€è´¢åŠ¡ã€ç»è¥ã€æ‰€æ‹¥æœ‰ä¸åŠ¨äº§ä¿¡æ¯ç­‰ä¹¦é¢ææ–™ã€‚â€œ
2020-03-17 18:26:27 UTC <DongFang_USA> æ ¹æ®æˆ‘åœ¨åŒ—äº¬ä»»VOAé©»åè®°è€…çš„ç»éªŒï¼Œä¸­å›½æ”¿åºœç»™æ‰€æœ‰å¤–åª’å¸¸é©»è®°è€…éƒ½æ˜¯ä¸€å¹´ç­¾è¯ï¼Œå¹´åº•åˆ°æœŸåéœ€è¦ç”³è¯·é¡ºå»¶ã€‚è¿™ä¸‰å®¶åª’ä½“çš„è®°è€…è™½ç„¶åœ¨åå¤©å†…æŠŠè®°è€…è¯äº¤å›å»äº†ï¼Œä½†ä¸­å›½æ”¿åºœç»™ä»–ä»¬çš„ä¸€å¹´æœ‰æ•ˆçš„é©»åé•¿æœŸè®°è€…ç­¾è¯æ˜¯å¦è¢«ç«‹å³åŠé”€ï¼Œå¹¶ä¸æ˜ç¡®ã€‚ç›®å‰ä¸çŸ¥é“ä»–ä»¬æ˜¯å¦å¯ä»¥æ ¹æ®æ‰‹ä¸­çš„æœ‰æ•ˆç­¾è¯å‘†åœ¨åŒ—äº¬è‡³å¹´åº•ã€‚
2020-03-17 18:26:27 UTC <DongFang_USA> æœ‰æŠ¥é“ç§°ä¸­å…±é©±é€çº½çº¦æ—¶æŠ¥ï¼Œåå°”è¡—æ—¥æŠ¥ï¼Œåç››é¡¿é‚®æŠ¥ï¼Œæ—¶ä»£å‘¨åˆŠå’Œç¾å›½ä¹‹éŸ³é©»äº¬è®°è€…ï¼Œé™åˆ¶åå¤©å†…ç¦»å¼€ä¸­å›½ã€‚æˆ‘çš„ç†è§£æ˜¯ï¼Œä¸­å…±ç›®å‰è¦æ±‚çº½æ—¶ï¼Œåé‚®å’Œåå°”è¡—æ—¥æŠ¥çš„é©»äº¬åˆ†ç¤¾åœ¨å››å¤©ä¹‹å†…å‘å¤–äº¤éƒ¨æäº¤å¹´åº•å‰è®°è€…è¯åˆ°æœŸçš„æ‰€æœ‰å·¥ä½œäººå‘˜çš„åå•ï¼Œå¹¶åœ¨åå¤©å†…äº¤å‡ºå¤–å›½é©»åè®°è€…çš„è®°è€…è¯ï¼Œä»Šåä¸å¾—ä»äº‹è®°è€…å·¥ä½œã€‚
2020-03-17 17:01:24 UTC <DongFang_USA> é•¿æœŸä»¥æ¥ï¼Œä¸­æ–¹å¯¹å¤–å›½é©»åè®°è€…é‡‡å–å„ç§é™åˆ¶æªæ–½ï¼Œè¿™æ¬¡ç¾ä¸­ä¸¤å›½äº’ç›¸é©±é€è®°è€…çš„äº‹ä»¶å‡çº§ï¼Œæ˜¯ä¸æ˜¯å› ä¸ºä¸­å›½å…ˆåŠ¨æ‰‹ï¼Œé©±é€äº†ä¸‰ååå°”è¡—æ—¥æŠ¥è®°è€…è€Œå¼•å‘çš„ï¼Ÿ https://twitter.com/SpokespersonCHN/status/1239941366026612742Â â€¦
2020-03-17 16:35:50 UTC <DongFang_USA> ç¬¬ä¸‰ï¼Œé’ˆå¯¹ç¾æ–¹å¯¹ä¸­å›½è®°è€…åœ¨ç­¾è¯ã€è¡Œæ”¿å®¡æŸ¥ã€é‡‡è®¿ç­‰æ–¹é¢é‡‡å–æ­§è§†æ€§é™åˆ¶æªæ–½ï¼Œä¸­æ–¹å°†å¯¹ç¾å›½è®°è€…é‡‡å–å¯¹ç­‰æªæ–½ã€‚ ä¸­å…±å¤–äº¤éƒ¨è¿˜ç§°ï¼šä¸­æ–¹ä¸Šè¿°æªæ–½å®Œå…¨æ˜¯å¯¹ç¾æ–¹æ— ç†æ‰“å‹ä¸­å›½åª’ä½“é©»ç¾æœºæ„è¢«è¿«è¿›è¡Œçš„å¿…è¦å¯¹ç­‰ååˆ¶ï¼Œå®Œå…¨æ˜¯æ­£å½“åˆç†é˜²å«ã€‚å¦‚æœç¾æ–¹ä¸€æ„å­¤è¡Œï¼Œé”™ä¸ŠåŠ é”™ï¼Œä¸­æ–¹ä¹Ÿå¿…å°†é‡‡å–è¿›ä¸€æ­¥çš„ååˆ¶æªæ–½ã€‚
2020-03-17 16:35:50 UTC <DongFang_USA> ç¬¬äºŒï¼Œé’ˆå¯¹ç¾æ–¹å¤§å¹…å‰Šå‡ã€å®é™…é©±é€ä¸­å›½åª’ä½“é©»ç¾æœºæ„å‘˜å·¥ï¼Œä¸­æ–¹è¦æ±‚ã€Šçº½çº¦æ—¶æŠ¥ã€‹ã€ã€Šåå°”è¡—æ—¥æŠ¥ã€‹ã€ã€Šåç››é¡¿é‚®æŠ¥ã€‹å¹´åº•å‰è®°è€…è¯åˆ°æœŸçš„ç¾ç±è®°è€…ä»å³æ—¥èµ·4å¤©å†…å‘å¤–äº¤éƒ¨æ–°é—»å¸ç”³æŠ¥åå•ï¼Œå¹¶äº10å¤©å†…äº¤è¿˜è®°è€…è¯ï¼Œä»Šåä¸å¾—åœ¨ä¸­åäººæ°‘å…±å’Œå›½ï¼ŒåŒ…æ‹¬é¦™æ¸¯ã€æ¾³é—¨ç‰¹åˆ«è¡Œæ”¿åŒºç»§ç»­ä»äº‹è®°è€…å·¥ä½œã€‚
2020-03-17 16:35:50 UTC <DongFang_USA> çªå‘æ–°é—»ï¼šä¸­å›½å¯¹ç¾å›½é©»åè®°è€…é‡‡å–æŠ¥å¤æªæ–½ï¼Œæœ‰è§‚å¯Ÿäººå£«è®¤ä¸ºç¾ä¸­ä¸¤å›½å·²è¿›å…¥å‡†å†·æˆ˜çŠ¶æ€ã€‚ä¸­å›½å¤–äº¤éƒ¨å®£å¸ƒï¼Œä»å³æ—¥èµ·ï¼Œ ç¬¬ä¸€ï¼Œä¸­æ–¹å¯¹ç­‰è¦æ±‚â€œç¾å›½ä¹‹éŸ³â€ã€çº½çº¦æ—¶æŠ¥ã€åå°”è¡—æ—¥æŠ¥ã€åç››é¡¿é‚®æŠ¥ã€æ—¶ä»£å‘¨åˆŠè¿™5å®¶ç¾å›½åª’ä½“é©»ååˆ†ç¤¾å‘ä¸­æ–¹ç”³æŠ¥åœ¨ä¸­å›½å¢ƒå†…æ‰€æœ‰å·¥ä½œäººå‘˜ã€è´¢åŠ¡ã€ç»è¥ã€æ‰€æ‹¥æœ‰ä¸åŠ¨äº§ä¿¡æ¯ç­‰ä¹¦é¢ææ–™ã€‚
2020-03-17 16:20:46 UTC <DongFang_USA> é’ˆå¯¹å¤§é‡çˆ±å›½å°ç²‰çº¢èœ‚æ‹¥å›å›½ï¼Œæœ‰æŠ¥é“ç§°å›½å†…æ°‘ä¼—æ‰“å‡ºæ¬¢è¿æ ‡è¯­ï¼šå›½å®¶æœ‰éš¾ä½ ä¸åœ¨ï¼Œåƒé‡ŒæŠ•æ¯’ä½ ç¬¬ä¸€ã€‚
2020-03-17 16:18:28 UTC <DongFang_USA> ç¾å›½å›½åŠ¡å¿è“¬ä½©å¥¥å‘æ¨è¯´ï¼šä»Šå¤©ä¸æ¨æ´ç¯ªä¸»ä»»è°ˆè®ºäº†ï¼ˆä¸­æ–¹ï¼‰é€šè¿‡å®˜æ–¹æ¸ é“æ•£å¸ƒä¸å®ä¹‹è¯å’Œæ€ªå¼‚è°£ä¼ ç­‰é—®é¢˜ã€‚ä¸­å›½å›½å†…èˆ†è®ºåˆ™ç§°æ¨æ´ç¯ªè®­æ–¥äº†è“¬ä½©å¥¥å¹¶é‡ç”³äº†ä¸­æ–¹ç«‹åœºã€‚ä¸è¿‡æ®æ–°åç¤¾æŠ¥é“ï¼Œâ€œæ¨æ´ç¯ªåº”çº¦åŒç¾å›½å›½åŠ¡å¿è“¬ä½©å¥¥é€šç”µè¯â€ï¼Œæ¢å¥è¯è¯´ï¼Œæ˜¯ç¾æ–¹ä¸»åŠ¨æ‰“ç”µè¯ç»™ä¸­å…±æ”¿æ²»å±€å§”å‘˜ä¸€çº§çš„å®˜å‘˜å¯¹èµµç«‹åšä¼ è°£è¡¨ç¤ºæŠ—è®®ã€‚  https://twitter.com/SecPompeo/status/1239610871585951744Â â€¦ pic.twitter.com/sEsR1udtWa
2020-03-18 13:45:24 UTC <Reuters> Dissent grows as IOC battles to keep Tokyo Olympic Games on track  https://www.reuters.com/article/us-health-coronavirus-olympics-idUSKBN215107?taid=5e7225f372e8fa00012c083b&utm_campaign=trueAnthem%3A+Trending+Content&utm_medium=trueAnthem&utm_source=twitterÂ â€¦ pic.twitter.com/cGKmHeDPQx
2020-03-18 13:43:22 UTC <Reuters> Trump says the U.S. and Canada will close their border to nonessential traffic, but trade won't be affected pic.twitter.com/RGdknmcg5z
2020-03-18 13:40:35 UTC <Reuters> Sanders to 'assess his campaign' after another round of bruising losses: statement  https://www.reuters.com/article/us-usa-election-sanders-idUSKBN21520D?taid=5e7224d2f629ab00016ac6e5&utm_campaign=trueAnthem%3A+Trending+Content&utm_medium=trueAnthem&utm_source=twitterÂ â€¦ pic.twitter.com/tjHlPL4Cxn
2020-03-18 13:35:30 UTC <Reuters> Fujifilm shares jump 15% on China coronavirus drug trial boost  https://www.reuters.com/article/us-health-coronavirus-fujifilm-idUSKBN215025?taid=5e7223a1e6e3ff0001401122&utm_campaign=trueAnthem%3A+Trending+Content&utm_medium=trueAnthem&utm_source=twitterÂ â€¦ pic.twitter.com/ooNoEuQZVF
2020-03-18 13:31:27 UTC <Reuters> Goldman tells staff in Americas, EMEA to work from home after two coronavirus cases found  https://www.reuters.com/article/us-health-coronavirus-goldman-sachs-idUSKBN2151MJ?taid=5e7222aef629ab00016ac6dc&utm_campaign=trueAnthem%3A+Trending+Content&utm_medium=trueAnthem&utm_source=twitterÂ â€¦ pic.twitter.com/CrXgKOxHG3
2020-03-18 13:25:00 UTC <Reuters> Holocaust survivor Ester Wienrib rang in her 97th birthday with a video call and remote cake-cutting with her great-grandchildren, a cautious celebration as her family tries to avoid exposing her to the #coronavirus  https://reut.rs/2Qj8QKcÂ  pic.twitter.com/DMO0r1Casc
2020-03-18 13:20:35 UTC <Reuters> Chelsea make hotel available to NHS staff fighting coronavirus  https://www.reuters.com/article/uk-health-coronavirus-soccer-england-che-idUKKBN2151NX?taid=5e722022f629ab00016ac6d3&utm_campaign=trueAnthem%3A+Trending+Content&utm_medium=trueAnthem&utm_source=twitterÂ â€¦ pic.twitter.com/dDu18GWbiH
2020-03-18 13:15:23 UTC <Reuters> Russia feeding disinformation about coronavirus to sow panic in West: EU document  https://www.reuters.com/article/us-health-coronavirus-disinformation-idUSKBN21518F?taid=5e721eea72e8fa00012c0820&utm_campaign=trueAnthem%3A+Trending+Content&utm_medium=trueAnthem&utm_source=twitterÂ â€¦ pic.twitter.com/xMPIhoiecy
2020-03-18 13:12:45 UTC <Reuters> Mideast states must share more information on coronavirus cases: WHO  https://www.reuters.com/article/us-health-coronavirus-mideast-idUSKBN2151AP?taid=5e721e4cf629ab00016ac6d0&utm_campaign=trueAnthem%3A+Trending+Content&utm_medium=trueAnthem&utm_source=twitterÂ â€¦ pic.twitter.com/COsyIr52Ip
2020-03-18 13:10:36 UTC <Reuters> Poland to receive protective gear, tests from China to fight coronavirus  https://www.reuters.com/article/us-health-coronavirus-poland-china-idUSKBN21512J?taid=5e721dcbf629ab00016ac6cf&utm_campaign=trueAnthem%3A+Trending+Content&utm_medium=trueAnthem&utm_source=twitterÂ â€¦ pic.twitter.com/U9A4CNdjgH
2020-03-18 13:07:44 UTC <Reuters> At Saudi music festival, Iran rivalry takes the stage  https://www.reuters.com/article/us-saudi-iran-music-idUSKBN2151NN?taid=5e721d1f72e8fa00012c081b&utm_campaign=trueAnthem%3A+Trending+Content&utm_medium=trueAnthem&utm_source=twitterÂ â€¦ pic.twitter.com/tCd1IZSlxO
2020-03-18 13:05:00 UTC <Reuters> European and Asian shares slid on Wednesday, even after President Trump said he planned a $1 trillion stimulus package for the U.S. economy and governments around the world were ramping up spending plans  https://reut.rs/2wgumbLÂ  pic.twitter.com/atQtSMZahX
2020-03-18 13:01:06 UTC <Reuters> Bank of England lends $15 billion to banks, most since financial crisis  https://www.reuters.com/article/uk-britain-boe-repo-idUKKBN2151H6?taid=5e721b91f629ab00016ac6c3&utm_campaign=trueAnthem%3A+Trending+Content&utm_medium=trueAnthem&utm_source=twitterÂ â€¦ pic.twitter.com/pIhTYdv2hp
2020-03-18 12:55:00 UTC <Reuters> South Africa has quarantined a cruise liner, with more than 1,700 people on board, and a cargo vessel after a crew member on board one of the ships showed signs of #coronavirus  https://reut.rs/38VhkxtÂ  pic.twitter.com/Q9NZbzjSER
2020-03-18 12:50:44 UTC <Reuters> German retailers plead for state aid as stores close  https://www.reuters.com/article/us-health-coronavirus-germany-retail-idUSKBN2151KO?taid=5e721922f629ab00016ac6b1&utm_campaign=trueAnthem%3A+Trending+Content&utm_medium=trueAnthem&utm_source=twitterÂ â€¦ pic.twitter.com/inGRNMknTa
2020-03-18 12:45:37 UTC <Reuters> China says coronavirus pandemic exposed global health system's shortcomings  https://www.reuters.com/article/us-health-coronavirus-china-mofa-idUSKBN2150W5?taid=5e7217f072e8fa00012c07f4&utm_campaign=trueAnthem%3A+Trending+Content&utm_medium=trueAnthem&utm_source=twitterÂ â€¦ pic.twitter.com/nY7lm589Gk
2020-03-18 12:40:35 UTC <Reuters> Nevada orders casinos, all other nonessential businesses to close  https://www.reuters.com/article/us-health-coronavirus-nevada-idUSKBN21519X?taid=5e7216c372e8fa00012c07f2&utm_campaign=trueAnthem%3A+Trending+Content&utm_medium=trueAnthem&utm_source=twitterÂ â€¦ pic.twitter.com/UQY0I5Swhj
2020-03-18 12:35:31 UTC <Reuters> No coronavirus party: U.S. spring break destinations crack down on revelers  https://www.reuters.com/article/us-health-coronavirus-usa-spring-break-idUSKBN2151H4?taid=5e721592f629ab00016ac6a6&utm_campaign=trueAnthem%3A+Trending+Content&utm_medium=trueAnthem&utm_source=twitterÂ â€¦ pic.twitter.com/D8Eru7gIyi
2020-03-18 12:30:44 UTC <Reuters> Iran's death toll from coronavirus jumps to 1,135: state TV  https://www.reuters.com/article/us-health-coronavirus-iran-idUSKBN2151LA?taid=5e721473f629ab00016ac6a3&utm_campaign=trueAnthem%3A+Trending+Content&utm_medium=trueAnthem&utm_source=twitterÂ â€¦ pic.twitter.com/0n88AUPKWv
2020-03-18 13:30:13 UTC <nytimes> You may suddenly have a lot more time at home on your hands. You may be looking for some gentle TV escapism. Weâ€™re here to help. https://nyti.ms/2QpyU6lÂ 
2020-03-18 13:15:03 UTC <nytimes> Cars at New York State's first drive-through coronavirus testing center pulled up to medical personnel in full hazmat suits. Then drivers were asked to roll down their windows, tip their heads back, and submit to a series of nasal and throat swabs. https://nyti.ms/2Wo64ayÂ 
2020-03-18 13:00:10 UTC <nytimes> Bernie Sanders has not yet been mathematically eliminated. But, @Nate_Cohn writes, Joe Biden now holds an all but insurmountable lead in the race for the Democratic nomination. https://nyti.ms/2TZyzJUÂ 
2020-03-18 12:55:41 UTC <nytimes> Bernie Sanders and his advisers were weighing his next steps after he lost 3 more Democratic primaries, with pressure rising on him to exit the presidential race https://nyti.ms/2Wnn2WoÂ 
2020-03-18 12:40:06 UTC <nytimes> Joe Biden's winning streak has given him a lead that will be nearly impossible for Bernie Sanders to overcome. Our political correspondent @AlexBurnsNYT explains how he pulled it off. https://nyti.ms/3b5NgRwÂ 
2020-03-18 12:35:04 UTC <nytimes> As the effects of the coronavirus pandemic hit the job market, the damage looks likely to be much deeper and longer lasting than seemed possible even a week ago https://nyti.ms/2WlfC64Â 
2020-03-18 12:27:16 UTC <nytimes> For today, March 18, hereâ€™s how to follow the latest on the coronavirus outbreak. Weâ€™ll update this every day.  ğŸŒLive updates from around the world:  https://nyti.ms/3a6LjUUÂ  ğŸ—½The latest in New York:  https://nyti.ms/2TXuFBoÂ  ğŸ“ŠMarkets news:  https://nyti.ms/2QpXiVrÂ  pic.twitter.com/hKojckAMSg
2020-03-18 12:25:25 UTC <nytimes> Here are ways to reduce your risk of getting sick or infecting others https://nyti.ms/3b1GNa8Â 
2020-03-18 12:24:52 UTC <nytimes> Track the spread of the coronavirus with our maps https://nyti.ms/390EYZwÂ 
2020-03-18 12:24:07 UTC <nytimes> Weâ€™re collecting the most important news and guidance on the coronavirus outbreak here https://nyti.ms/3b74RbHÂ 
2020-03-18 12:20:02 UTC <nytimes> In China, many rural students lack the connections or hardware to learn remotely. More nations will confront the same reality as the outbreak spreads. https://nyti.ms/2QnG1fRÂ 
2020-03-18 12:10:05 UTC <nytimes> Joe Biden's campaign is aiming to improve his standing with a key part of the Democratic coalition https://nyti.ms/2ISsQizÂ 
2020-03-18 11:50:04 UTC <nytimes> We had a conversation with Gov. Andrew Cuomo, who is in charge of New York Stateâ€™s response to the coronavirus crisis. Listen to today's episode of "The Daily." https://nyti.ms/39YpLtiÂ 
2020-03-18 11:40:04 UTC <nytimes> Even after President Trump committed to supporting states hit hard by the virus, key agencies â€” like the Army Corps of Engineers, FEMA and the National Disaster Medical System â€” said they had not been asked to play much of a role https://nyti.ms/2UbyW2WÂ 
2020-03-18 11:32:10 UTC <nytimes> The Glastonbury festival, Britain's biggest music event that was due to celebrate its 50th anniversary in June, was canceled. Taylor Swift and Paul McCartney had been set to perform. https://nyti.ms/2vuiwKEÂ 
2020-03-18 11:23:48 UTC <nytimes> The White House is seeking more than one trillion dollars to blunt the financial fallout caused by the coronavirus. For context, the U.S. appropriated about $200 billion in todayâ€™s money for the Marshall Plan to help rebuild Europe after World War II. https://nyti.ms/2x3x3xmÂ 
2020-03-18 11:00:13 UTC <nytimes> Morning briefing: Here's what you need to know to start your day https://nyti.ms/2TZCNkMÂ 
2020-03-18 10:50:03 UTC <nytimes> "Weâ€™re who people are looking to." Since the coronavirus began spreading in the U.S., governors have taken a lead role in responding to the crisis in ways that only highlighted the initial inaction from the White House. https://nyti.ms/2Ui8X9UÂ 
2020-03-18 10:40:08 UTC <nytimes> Major European stock markets dropped 4 to 5%, as worries about the economy overcame hopes for a major stimulus package from Washington  https://nyti.ms/33qN50tÂ 
2020-03-17 09:39:05 UTC <Yuanhongbing64> è½‰ï¼šäºå¤ªæ”¿æ²»å“²å­¸æ–‡åŒ–å‡ºç‰ˆç¤¾Facebookè²¼æ–‡ "ã€ã€Œé‡ç™¾åˆå­¸é‹ã€èˆ‡ã€Œå¤ªé™½èŠ±å­¸é‹ã€å•Ÿç¤ºéŒ„ã€‘ ... ...è¢ç´…å†°åœ¨ã€Šå°ç£ç”Ÿæ­»æ›¸ã€‹ä¸­åˆ†æï¼Œã€Œå¤ªé™½èŠ±é‹å‹•ã€æå‡ºçš„è¨´æ±‚è¡¨é¢ä¸Šåªé‡å°ã€Šå…©å²¸æœè²¿å”è­°ã€‹ï¼Œå¯¦éš›å»é—œä¿‚åˆ°è‡ªç”±å°ç£çš„åœ‹æœ¬ã€åœ‹é‹... ..." pic.twitter.com/syaLzaUkY3
2020-03-18 11:58:18 UTC <hui1zheng4> æ€ä¹ˆè¿™ä¹ˆå¤šå‚æœ¬â€¦â€¦
2020-03-18 11:13:16 UTC <hui1zheng4> ä¸Šæœ‰æ”¿ç­– ä¸‹æœ‰å¯¹ç­– ä¸­å›½ç‰¹è‰²
2020-03-18 09:58:54 UTC <hui1zheng4> Panic stealing ğŸ¤£ğŸ¤£ğŸ¤£ https://twitter.com/9newssyd/status/1240212855326035968Â â€¦
2020-03-18 09:58:15 UTC <hui1zheng4> å¹¿å‘Šä¸»ä¹Ÿæ²¡é’±æŠ•äº†å•Šâ€¦â€¦
2020-03-18 08:25:45 UTC <hui1zheng4> è¦æ˜¯æ²¡æœ‰å…¶ä»–äººè¿˜ç¡®è¯Šå°±è¡Œï¼Œçœ‹æ¥ç—…æ¯’æ¼‚æ´‹è¿‡æµ·æ¥è·¯ä¸Šä¹Ÿç´¯ä¸ªåŠæ­»ï¼Œæ¯’æ€§å¯èƒ½å‡å¼±äº†ã€‚
2020-03-18 08:21:02 UTC <hui1zheng4> åŒä¸€æ¥¼å±‚å’Œç¡®è¯Šç—…ä¾‹æœ‰è¿‡æ¥è§¦ï¼ˆå‘¨å››åƒäº†æ™šé¥­ï¼‰çš„äººä»Šå¤©æ£€æµ‹é˜´æ€§ âœŒğŸ»ï¼Œç„¦è™‘æŒ‡æ•°ä¸‹é™ç™¾åˆ†ä¹‹äº”åğŸ˜„ https://twitter.com/hui1zheng4/status/1239806004759392256Â â€¦
2020-03-18 06:25:12 UTC <hui1zheng4>  https://twitter.com/hui1zheng4/status/1234439780982636547?s=21Â â€¦
2020-03-18 06:03:57 UTC <hui1zheng4> ç›æœ‰ç‚¹å’¸ï¼Œåæ¥åˆ«çš„æˆ‘éƒ½ä¸è®°å¾—äº†
2020-03-18 05:53:41 UTC <hui1zheng4> å—¯å°è±¡æ˜¯åŒå›½ç±é—¹è¿‡ä¸€å›ï¼Œè¸¢äº†å¥½å‡ ä¸ªè®®å‘˜  https://en.wikipedia.org/wiki/2017%E2%80%9318_Australian_parliamentary_eligibility_crisis#Parliamentarians_alleged_to_have_dual_citizenshipÂ â€¦
2020-03-18 05:45:11 UTC <hui1zheng4> æ²¡æ‰¾ç€å•Š  https://en.wikipedia.org/wiki/Gladys_BerejiklianÂ â€¦
2020-03-18 05:43:34 UTC <hui1zheng4> æˆ‘ä¹Ÿæ”¶åˆ°äº†Westfieldå•†åœºã€Grill'dæ±‰å ¡å’Œè‡ªè¡Œè½¦åº—CEOçš„é‚®ä»¶ï¼#äººå’Œäººçš„å·®è·æ€ä¹ˆè¿™ä¹ˆå¤§
2020-03-18 05:39:41 UTC <hui1zheng4> æ²¡æœ‰å§ï¼Œå¥¹æ²¡æœ‰ç¾å›½æŠ¤ç…§ï¼Œåªæ˜¯æœ‰å‡ºç”Ÿè¯æ˜ï¼Œå°±æ˜¯å¦‚æœæƒ³ç”³è¯·æ˜¯å¯ä»¥ç”³è¯·çš„ï¼ŒåŒå›½ç±è¿™ä¸ªé—®é¢˜ä¹‹å‰å·²ç»å¹²å€’å‡ ä¸ªäº†ï¼Œè®®ä¼šä¸å…è®¸çš„ã€‚
2020-03-18 05:20:06 UTC <hui1zheng4> ğŸ˜‚ è¿™ç§ä¸œè¥¿å…¶å®å“ªå›½éƒ½æœ‰ï¼Œæˆ‘æƒ³åŒºåˆ«æ˜¯ä¼šä¸ä¼šåˆ å¸–ã€‚ https://twitter.com/KFILE/status/1240131226268323842Â â€¦
2020-03-18 02:33:43 UTC <hui1zheng4> ä½ æ°¸è¿œä¸çŸ¥é“ä¸‹ä¸€ä¸ªè¯¥æŠ¢ä»€ä¹ˆâ€¦â€¦ https://twitter.com/9NewsSyd/status/1240101824348041216Â â€¦
2020-03-18 02:17:28 UTC <hui1zheng4> è¿˜æ˜¯æ…¢äº†ä¸€æ­¥ï¼Œæ—©ä¸Šäººå®¶å°±å¼€å§‹æ³¨å°„äººä½“è¯•éªŒäº†ï¼Œæ™šä¸Šæˆ‘ä»¬æ‰ç´§æ€¥ç­”è¾©ä¸¤å°æ—¶ç«é€Ÿæ‰¹å‡†ä¸´åºŠã€‚è¿™ç–«è‹—è¿˜æ˜¯è¦æ…é‡çš„ï¼Œä¼°è®¡å…¨ä¸–ç•Œèƒ½æ‰“çš„éƒ½è¦æ¥ä¸€é’ˆï¼Œå¦‚æœæœ‰ä»»ä½•æœªçŸ¥å‰¯ä½œç”¨å°±çœŸçš„äººç±»å›¢ç­äº†ã€‚
2020-03-18 02:09:58 UTC <hui1zheng4> å¦‚æœä½ è§‰å¾—æˆ‘ç¼–çš„ä¸å¥½ï¼Œé‚£å°±è‡ªå·±ç¼–ä¸€ä¸ªï¼Œæ¨ªçœ‰å†·å¯¹åƒå¤«æŒ‡ï¼Œä¿¯é¦–ç”˜ä¸ºå­ºå­ç‰›ã€‚ä½ ç”¨ä»€ä¹ˆï¼Œä½ å°±ç¼–ä»€ä¹ˆã€‚æˆ‘å¯ä¸ç¼–JSï¼Œæå‰ç«¯çš„è¿ç®—æ³•éƒ½ä¸ä¼šã€‚
2020-03-18 01:16:00 UTC <hui1zheng4> è¿™æ¡å¤ªå¤šäººè½¬äº†ï¼Œæ€•æ€•ï¼Œåˆ«æåˆ°æˆ‘è¢«ACSå¼€é™¤äº†â€¦â€¦ https://twitter.com/hui1zheng4/status/1239653232546164741Â â€¦
2020-03-18 00:55:43 UTC <hui1zheng4> é‚£æ®µæ—¥å­å¤´ä¸€æ¬¡æ„Ÿå—åˆ°éª‘è‡ªè¡Œè½¦éª‘åˆ°å±è‚¡ç—›ï¼Œä½†æ˜¯å¿ƒé‡Œå´ç‰¹åˆ«å¸¦åŠ²ã€‚
2020-03-18 00:50:05 UTC <hui1zheng4> ç„¶è€Œä»Šå¤©è¿˜æœ‰ä¸¤ä¸ªäººå»åŠå…¬å®¤ä¸Šç­â€¦â€¦
2020-03-18 06:10:47 UTC <CStar_OW> This gonna be me in the Fall after I graduate when I drive back down to UCSB to attend a LAN party because Spring quarter practically got cancelled by corona virus pic.twitter.com/BdQuq0QAYF
2020-03-18 04:43:03 UTC <CStar_OW> I'm not sure if I should be happy that I've never had that problem...   but then I can't hold any phone larger than the iPhone X's dimensions https://twitter.com/LinusTech/status/1240075164483633152Â â€¦
2020-03-18 04:41:14 UTC <CStar_OW> idk if Chimera13 will be a thing because there's very few people active on the Electra team now, but the Sileo team luckily is still quite alive and well
2020-03-18 04:39:29 UTC <CStar_OW> Hopefully with all this free time next week, we'll be able to get Sileo closer to version 2.0
2020-03-18 02:50:03 UTC <CStar_OW> EVEN THOUGH I CAN GO OUT THERE'S BARELY ANYONE AROUND HERE AND I FEEL EVEN MORE LONELY OUTSIDE AAAA
2020-03-18 02:46:59 UTC <CStar_OW> have a wired magic trackpad 2 next to it then I guess?
2020-03-18 02:45:30 UTC <CStar_OW> Get a Logitech G Pro Wireless / G305. Logitech wireless works far more reliably than bluetooth
2020-03-18 01:45:21 UTC <CStar_OW> I donâ€™t have it, fortunately. And even though I had the flu last until week, I have recovered from that https://twitter.com/daybreakgameslo/status/1240087703082983425?s=20Â â€¦
2020-03-18 01:23:24 UTC <CStar_OW> Biked around the UCSB campus today and it feels eerily empty. Some people have already left for home, but still it feels weird itâ€™s this empty when not everyone has gone home yetâ€¦
2020-03-18 00:22:33 UTC <CStar_OW> /cc @iTollMouS
2020-03-18 00:22:12 UTC <CStar_OW>  pic.twitter.com/IyT2lJJw7x
2020-03-18 00:14:37 UTC <CStar_OW> When one of your comp sci assignments is about distancing people from each other a table  and the first thing you think of is corona virus, even though their scenario is different because it was written before the pandemic
2020-03-17 22:06:36 UTC <CStar_OW> Good thing I never walked into Ralph's ever, and probably never will lol https://twitter.com/nandoodles/status/1240021072902316032Â â€¦
2020-03-17 21:18:29 UTC <CStar_OW> Yes, it does protect against that
2020-03-17 20:42:39 UTC <CStar_OW> tfw college closed due to covid-19 but itâ€™s chilly so Iâ€™m casually browsing amazon while lying down and wearing gloves   And lol this is a 10.5â€ iPad, not a 12.9â€ pic.twitter.com/XuWDYyTc9J
2020-03-17 10:57:37 UTC <CStar_OW> 2. I have protections against TOCTOU that I wonâ€™t discuss 3. Nope, it doesnâ€™t allow running binaries
2020-03-17 10:46:41 UTC <CStar_OW> 1. iOS 10 and lower use the same version of ldid as the current build of ldid that I distribute 2. Pirates can more easily break the DRM if only those 2 are hashed by editing the Mach header if I donâ€™t hash the entire thing 3. The modification would be converting it to PHP...
2020-03-17 10:19:59 UTC <CStar_OW> The binary would be pre-signed if I could run ldid on my server. AGPL is why I canâ€™t distribute pre-signed binaries, and why ldid needs to run on the userâ€™s device
2020-03-17 10:10:40 UTC <CStar_OW> well that's a problem with ldid being AGPL then. Otherwise I'd run it on my server and not require the user's device to run ldid at all
2020-03-18 07:25:55 UTC <zhanglifan> æˆ‘è¯´ä»€ä¹ˆäº†ï¼Ÿ
2020-03-18 07:11:04 UTC <zhanglifan> ã€â˜ ï¸å¼ƒå¸‚ğŸ’€ã€‘ https://twitter.com/nGDoFoJuUIdlMGX/status/1240167203615334401Â â€¦
2020-03-18 06:36:47 UTC <zhanglifan> è€ç« å°±çˆ±å¬‰ç¬‘æ€’éª‚ï¼Œä»ä¸åœ¨æ„ä»€ä¹ˆèº«ä»½ã€‚
2020-03-18 06:34:52 UTC <zhanglifan> 2019.9.29è‡³2020.1.12ï¼Œç¾å›½1300 ä¸‡äººæ„ŸæŸ“æµæ„Ÿï¼Œ12ä¸‡äººä½é™¢æ²»ç–—ï¼Œæ­»äº¡6600 äºº(ç¾å›½CDC)ã€‚ 2019 å¹´ 1-10æœˆï¼Œä¸­å›½æµæ„Ÿå‘ç—… 215.1 ä¸‡ä¾‹ï¼ŒåŒæ¯”å¢252% ã€‚(WHO) 2010-2011å¹´åˆ°2014-2015å¹´é—´ï¼Œä¸­å›½æ¯å¹´æœ‰è¶…è¿‡8.8ä¸‡äººæ­»äºæµæ„Ÿï¼Œ8æˆä»¥ä¸Šä¸º60å²ä»¥ä¸Šè€äººã€‚(ä¸­å›½å¤šä½ä¸“å®¶2019.9.å‘è¡¨åœ¨ã€ŠæŸ³å¶åˆ€Â·å…¬å…±å«ç”Ÿã€‹çš„è®ºæ–‡ï¼‰ https://twitter.com/nGDoFoJuUIdlMGX/status/1240158641203957760Â â€¦
2020-03-18 06:06:59 UTC <zhanglifan> ã€â˜ ï¸å¼ƒå¸‚ğŸ’€ã€‘  https://twitter.com/alxe_xu/status/1240156540365135872Â â€¦ pic.twitter.com/GUCXxgs8bn
2020-03-18 03:41:38 UTC <zhanglifan> è‚‰ç¥¨è¢«ç»‘ï¼Œç»‘åŒªè¿˜å¾—ç®¡åƒç®¡å–ã€‚ è¢«å¿½æ‚ å›æ¥æ˜¯è‡ªæ„¿ï¼Œä¸€åˆ‡å¼€é”€è‡ªè´¹ã€‚
2020-03-18 03:11:52 UTC <zhanglifan> å¥½å¥½å­¦ä¹ â€¦â€¦ pic.twitter.com/TlBRAAFERP
2020-03-18 03:01:54 UTC <zhanglifan> å†¤æœ‰å¤´ï¼Œå€ºæœ‰ä¸»ï¼Œé£å›ç¥–å›½æ‰¾æ”¿åºœã€‚ é†’é†’å§ï¼Œè¦é—®å°±é—®æ˜¯è°çš„é”™é€ æˆçš„ã€‚ æˆ‘åå¯¹ç™½äººè‡³ä¸Šä¸»ä¹‰ã€ç§æ—ä¸»ä¹‰ã€‚ä½†ä¹Ÿè¦é—®é—®ï¼šç…½åŠ¨æ°‘æ—ä¸»ä¹‰ã€çˆ±å›½ä¸»ä¹‰ï¼Œå‘åŠ¨åç¾å®£ä¼ æˆ˜ç”©é”…åˆ°å¤–å›½ï¼Œè·Ÿ2012å¹´ç ¸æ—¥ç³»è½¦ã€æ‰“æ®‹åŒèƒçš„åæ—¥å¤§æ¸¸è¡Œï¼Œæœ‰å•¥åŒºåˆ«ï¼Ÿ https://twitter.com/Russell04795174/status/1239888796478402561Â â€¦
2020-03-18 02:29:23 UTC <zhanglifan> è¿™ç§å›½å®¶å¤§äº‹ï¼Œæ€ä¹ˆå¯ä»¥æ¥é—®æˆ‘ï¼Ÿè°äº²è‡ªæŒ‡æŒ¥äº²è‡ªéƒ¨ç½²å°±å»é—®è°ã€‚ğŸ˜Š æ ¹æ®å¯¹å¤–å®£ä¼ éƒ¨ç½²ï¼Œå¤§å¤–å®£å¿½æ‚ æ¥12ä¸‡äººï¼›æ ¹æ®åŒ»ç–—é˜²ç–«éƒ¨ç½²ï¼ŒåŒ»ä¿ä½“ç³»å½“ç„¶åƒä¸æ¶ˆâ€¦â€¦ https://twitter.com/abc__china/status/1240008945223315456Â â€¦
2020-03-18 02:18:11 UTC <zhanglifan> å—¯ï¼Œå¸®ä½ è½¬å¸®ä½ é—®ã€‚ é¡ºä¾¿è¯·æ•™ä¸€ä¸‹ï¼šç±³å›½æœ‰æ²¡æœ‰å¹å“¨äººè¢«è­¦æ–¹è®­è¯«ï¼ŸğŸ˜Š https://twitter.com/1OtBcpJGUhs66vT/status/1240098572445470720Â â€¦
2020-03-17 17:10:49 UTC <zhanglifan> ã€ğŸ’€å¼ƒå¸‚â˜ ã€‘ç†ŠçŒ«ï¼Ÿé‚£å¯æ˜¯å›½å®å•Šï¼å¿™å»å§â€¦â€¦ https://twitter.com/10644228/status/1239957921049366528Â â€¦
2020-03-17 17:07:25 UTC <zhanglifan> ç»Ÿä¸€æŒ‡æŒ¥ï¼Œç»Ÿä¸€éƒ¨ç½²ã€‚ æ ¹æ®å®£ä¼ éƒ¨ç½²ï¼Œå¤§å¤–å®£å¿½æ‚ æ¥12ä¸‡äººï¼›æ ¹æ®é˜²ç–«éƒ¨ç½²ï¼ŒåŒ—äº¬å¸‚å½“ç„¶åƒä¸æ¶ˆâ€¦â€¦
2020-03-17 16:47:17 UTC <zhanglifan> ã€ğŸ’€å¼ƒå¸‚â˜ ã€‘æ°‘ä¸»ä¸ç‹¬è£è–°è••ä¸åŒå™¨ï¼Œå†°ç‚­ä¸ç›¸å®¹ã€‚ ä½ æ‰æ˜¯ä»¥å°äººä¹‹å¿ƒï¼Œåº¦è€ç« ä¹‹è…¹ã€‚ https://twitter.com/VincentLuo11/status/1239950360501874688Â â€¦
2020-03-17 16:42:07 UTC <zhanglifan> å’‹è§£è¯»å•Šï¼Ÿï¼éš¾é“ä¸æ˜¯å¤§å¤–å®£å¿½æ‚ å‡ºæ¥çš„ä¹±å­ï¼Ÿ ä»ä¸€ä¸ªæç«¯èµ°åˆ°å¦ä¸€æç«¯ï¼Œè¿™å°±æ˜¯æ‰€è°“â€œä¸¾å›½ä½“åˆ¶â€ã€‚
2020-03-17 16:40:22 UTC <zhanglifan> å’‹è§£è¯»å•Šï¼Ÿï¼éš¾é“ä¸æ˜¯å¤§å¤–å®£å¿½æ‚ å‡ºæ¥çš„ä¹±å­ï¼Ÿ ä»ä¸€ä¸ªæç«¯èµ°åˆ°å¦ä¸€æç«¯ï¼Œè¿™ï¼Œå°±æ˜¯â€œä¸¾å›½ä½“åˆ¶â€ã€‚ https://twitter.com/silvia_comb/status/1239952784964743169Â â€¦
2020-03-17 16:25:15 UTC <zhanglifan> ã€åŒ—äº¬ä¸æ¬¢è¿ä½ â€¦â€¦ã€‘ä»Šå¤©ä¸‹åˆé¦–éƒ½æœºåœºå¬å¼€ä¼šè®®ï¼Œä»3æœˆ19æ—¥èµ·åˆ°é¦–éƒ½æœºåœºçš„å›½é™…èˆªç­éƒ½ç»å…¶ä»–åŸå¸‚ï¼ˆä»19æ—¥åˆ°22æ—¥ç»å¤©æ´¥ã€çŸ³å®¶åº„ï¼Œ23æ—¥èµ·æ‰©å¤§åˆ°åŒ—äº¬å‘¨è¾¹8ä¸ªæœºåœºï¼‰å…¥å¢ƒï¼Œåœ¨å½“åœ°å¯¹æ—…å®¢è¿›è¡Œæ’æŸ¥åè¿”å›åŒ—äº¬ï¼Œæœ‰ç—‡çŠ¶çš„æ—…å®¢åœ¨å½“åœ°æ²»ç–—ã€‚ï¼ˆæˆªå›¾ï¼‰ pic.twitter.com/CSuCGMxtPL
2020-03-17 15:13:05 UTC <zhanglifan> ä¸å°‘æ—…å¤–è€å¹²éƒ¨å’Œçº¢åä»£èœ‚æ‹¥å›å½’ã€‚
2020-03-17 15:11:28 UTC <zhanglifan> ã€ğŸ’€å¼ƒå¸‚â˜ ï¸ã€‘ï¼ˆé“²ğŸ’©ï¼‰ https://twitter.com/mgz38180049/status/1239927757422788608Â â€¦
2020-03-17 15:07:06 UTC <zhanglifan> é¿ç–«å½’å›½æ½®ä¸­ï¼Œä¸­å›½åº”ç”¨åŠ›é‡æ•™è‚²é›†å›¢è‘£äº‹é•¿é™ˆè‰ºå¤«æ‹æ‘„çš„ä¸€æ®µæŠ–éŸ³çŸ­ç‰‡ä¸­ç§°ï¼Œç°æ—¶åç››é¡¿é£åŒ—äº¬çš„æœºç¥¨å·²ç»è¢«ç‚’åˆ°15ä¸‡å…ƒï¼Œä½†è¿™ç¬”é’±èƒ½è®©ä½ ã€Œè¿œç¦»ç–«æƒ…ã€ï¼Œã€Œå¸¦åˆ°ä¸–ç•Œä¸Šç°åœ¨æœ€å®‰å…¨çš„å›½å®¶ï¼Œä¸­å›½ã€ã€‚ä»–è¯´ï¼Œä¸­å›½æ”¯æ´å„å›½æŠ—ç–«çš„åŠªåŠ›è®©å„å›½ç››èµï¼Œä¸­å›½å¼ºå¤§ä¸å†ä½“ç°åœ¨GDPå¢é•¿ï¼Œè€Œæ˜¯14äº¿äººçš„å›¢ç»“å’Œä¸ºä¸–ç•Œæ‹…å½“çš„è´£ä»»ã€‚ https://twitter.com/zhanglifan/status/1239929545928642560Â â€¦
2020-03-18 12:30:28 UTC <Akamai> Announcing the election of @MarianneB_FIS to Akamai's Board of Directors. Learn more about her experience here. #leadership  http://ow.ly/j8Zh50yOiWTÂ  pic.twitter.com/NDGhUMZIJ9
2020-03-17 23:05:09 UTC <Akamai> Criminals constantly refine bad bots to avert your defenses. See how Akamai quickly identifies and protects against evolving credential stuffing threats:  http://ow.ly/cEHr50yLrgsÂ  pic.twitter.com/DXCjwks4gZ
2020-03-17 20:30:36 UTC <Akamai> If the #MCU moved to #cybersecurity, what character do you think Akamai would be? Read on to find out what role @csoandy thinks is a perfect fit.  http://ow.ly/rMCG50yIbM1Â  pic.twitter.com/iDZVkEzOen
2020-03-17 15:55:13 UTC <Akamai> Learn about the latest #cyberattack mitigation strategies from Akamai's threat researchers.  http://ow.ly/MXhN50yIbEPÂ  pic.twitter.com/4l5gK19Wiz
2020-03-17 13:05:17 UTC <Akamai> Over a two-year period, Akamai tracked more than 85.4 billion malicious login attempts. Read more on @Forbes our latest SOTI / Security report:  http://ow.ly/FZYY50yIbsjÂ  pic.twitter.com/z2QzyAjawo
2020-03-16 19:30:14 UTC <Akamai> Forrester classified Akamai as a Leader among #ZeroTrust eXtended Ecosystem Providers #ForresterWave  http://ow.ly/p2zm50yIbhhÂ  pic.twitter.com/1UpwvrVkXn
2020-03-16 16:40:08 UTC <Akamai> Akamai introduced #CIAM at the edge to solve identity management challenges for leading brands. Watch John Summers discuss Akamai Identity Cloud, and how it can work for you. http://ow.ly/q4Oq50yIb9NÂ 
2020-03-16 14:10:11 UTC <Akamai> Get the edge against credential stuffing attacks. See how Akamai protects your users, brand, and revenue from account takeover fraud. Click here.  http://ow.ly/Tqbm50yLr7wÂ  pic.twitter.com/Bri8CFQWdH
2020-03-16 12:55:09 UTC <Akamai> It's not too late to register for our #WAF webinar today! Learn how Akamai protects the apps & APIs of the whoâ€™s who of the internet at the Edge.  http://ow.ly/R5qD50yIb0LÂ  pic.twitter.com/fiPk42WByH
2020-03-18 12:01:07 UTC <bbcchinese> ç¾å›½è¿‡æ•ç—‡å’Œä¼ æŸ“ç—…ç ”ç©¶æ‰€ä¸»ä»»å®‰ä¸œå°¼Â·ç¦å¥‡ï¼ˆAnthony Fauciï¼‰æœ€è¿‘è¯´ï¼šâ€œï¼ˆç¾å›½ï¼‰è‚¯å®šä¼šå…ˆå˜ç³Ÿå†å˜å¥½ã€‚â€ https://bbc.in/2TX0qdQÂ 
2020-03-18 11:02:06 UTC <bbcchinese> æ„å¤§åˆ©æ—…æ¸¸çƒ­ç‚¹åŸå¸‚ä¹‹ä¸€çš„å¨å°¼æ–¯ï¼Œæ¯å¹´éƒ½æœ‰æ•°ä»¥åƒä¸‡è®¡çš„æ—…å®¢åˆ°è®¿ã€‚ä½†åœ¨æ–°å† ç–«æƒ…ä¸‹ç°æ­£å¤„äºå°åŸçŠ¶æ€ã€‚å¨å°¼æ–¯å±…æ°‘å¸¦å¤§å®¶èµ°éæ‰“å¡èƒœåœ°ï¼Œå¯¹æ¯”18ä¸ªæœˆå‰äººå±±äººæµ·çš„å¨å°¼æ–¯ã€‚ pic.twitter.com/ZRypPFvrJ9
2020-03-18 10:02:02 UTC <bbcchinese> æƒ³åƒä¸€ä¸‹ï¼Œå½“ä½ æ­£åœ¨å…¬å›­ç©è€ï¼Œç©ºä¸­çªç„¶é£˜æ¥å››ä¸ªå­—ï¼šâ€œèµ¶å¿«å›å®¶ã€‚â€ pic.twitter.com/FXjo9zHrmx
2020-03-18 09:02:02 UTC <bbcchinese> ç”¨iPhoneæ‹ç”µå½±ï¼Œè€Œä¸”ä½ çœ‹äº†è¿˜ä¸çŸ¥é“æ˜¯iPhoneæ‹çš„ï¼Œæƒ³ä¸æƒ³çœ‹ï¼Ÿ https://bbc.in/2UeD0zBÂ 
2020-03-18 08:01:03 UTC <bbcchinese> ä»–ä»¬åœ¨äºšæ´²è§åˆ°äº†è¿™ç§æ–°å† ç—…æ¯’ç–«æƒ…çš„ä¸¥é‡æ€§ï¼Œç»å†äº†å½“åœ°æ”¿åºœå¯¹ç–«æƒ…ä»è‰°éš¾åº”å¯¹åˆ°é€æ¸å—æ§ï¼Œä¹Ÿè§è¯äº†çœ‹åˆ°åŒæ ·çš„äº‹æƒ…åœ¨æ¬§ç¾å›½å®¶é‡å¤ä¸Šæ¼”çš„è¿‡ç¨‹ã€‚ https://bbc.in/33tSO5rÂ 
2020-03-18 07:02:03 UTC <bbcchinese> ä¸­å›½å›½å†…æ„ŸæŸ“çš„æ–°å† ç¡®è¯Šç—…ä¾‹æ•°å­—ç›´çº¿ä¸‹é™ï¼Œè€Œç–«æƒ…åœ¨å…¶ä»–å›½å®¶è”“å»¶ã€‚æœ‰äº›åœ¨ç–«åŒºç”Ÿæ´»çš„æµ·å¤–åäººæ®æŠ¥ä¸ºèº²é¿ç–«æƒ…è€Œè¿”ä¹¡ï¼Œæœ‰æ›¾åœ¨å›½å¤–æ—…è¡Œã€ç•™å­¦æˆ–ç»å•†çš„äººå›åˆ°ä¸­å›½åç¡®è¯Šã€‚ https://bbc.in/33rBqONÂ 
2020-03-18 06:02:05 UTC <bbcchinese> èŠ¬å…°äººæœ‰ç‹¬ç‰¹çš„è¥¿è‹ç²¾ç¥ã€‚ä¸ä¹‹ç›¸å¯¹ï¼Œä¸¹éº¦å’ŒæŒªå¨æœ‰"hygge"ç†å¿µï¼Œæ„ä¸ºèˆ’é€‚æƒ¬æ„å’Œæ¬¢ä¹ã€‚ç‘å…¸å–œæ¬¢"lagom"ï¼Œæ„ä¸ºå¹³è¡¡ã€é€‚åº¦å’Œç®€å•ã€‚ https://bbc.in/3cYckvkÂ 
2020-03-18 05:31:03 UTC <bbcchinese> ä¼¦æ•¦å¸å›½å­¦é™¢ä¼ æŸ“ç—…ä¸“å®¶å°¼å°”Â·å¼—æ ¼æ£®ï¼ˆNeil Fergusonï¼‰çš„ç ”ç©¶å‘ç°ï¼Œæ–°å† ç—…æ¯’ç–«æƒ…å¯èƒ½å¯¼è‡´è‹±å›½é€¾50ä¸‡äººæ­»äº¡ã€‚å³ä½¿é‡‡å–æ”¿åºœåŸå…ˆçš„è®¡åˆ’æ§åˆ¶ç–«æƒ…ï¼Œä¹Ÿå¯èƒ½å¯¼è‡´25ä¸‡äººæ­»äº¡ã€‚ ç›¸å…³æŠ¥é“ï¼š https://bbc.in/3a2w3bAÂ  pic.twitter.com/a3QBThza6h
2020-03-18 05:01:01 UTC <bbcchinese> ç¾å›½å›½ç«‹å«ç”Ÿç ”ç©¶é™¢ï¼ˆNational Institutes of Healthï¼‰èµ„åŠ©çš„è¿™é¡¹äººä½“è¯•éªŒï¼Œé¿å¼€äº†é€šå¸¸ä¼šè¿›è¡Œçš„æ£€æŸ¥æ­¥éª¤ï¼šç¡®ä¿ç–«è‹—å¯ä»¥è§¦å‘åŠ¨ç‰©çš„å…ç–«ååº”ã€‚ https://bbc.in/2Wo2n4sÂ 
2020-03-18 04:30:12 UTC <bbcchinese> å°æ¹¾ä¸­å¤®æµè¡Œç–«æƒ…æŒ‡æŒ¥ä¸­å¿ƒå®£å¸ƒåœ¨19æ—¥èµ·é™åˆ¶å¤–ç±äººå£«å…¥å¢ƒã€‚æŒ‡æŒ¥å®˜é™ˆæ—¶ä¸­è¯´ï¼Œå›½é™…ç–«æƒ…å‡æ¸©ï¼Œå¢ƒå¤–ç§»å…¥ä¸ªæ¡ˆæš´å¢ï¼Œç°åœ¨å…‰æ˜¯å¤„ç†è¿”å°æ°‘ä¼—å°±å·²ç»å¯¹åŒ»ç–—é€ æˆå‹åŠ›ã€‚ pic.twitter.com/57vtE3BeVP
2020-03-18 04:01:04 UTC <bbcchinese> ä»å°åŸåˆ°å°å›½ï¼Œæç«¯é˜²ç–«æªæ–½å®£å¸ƒä¸€ä¸ªå¤šæ˜ŸæœŸå†…ï¼Œæœ€åˆå¸­å·æ„å¤§åˆ©çš„å®˜æ°‘äº’æ€¼ã€æ°‘ä¼—ææ…Œå·²ç»è®©ä½ç»™ä¸¾å›½å›¢ç»“ã€ä¼—å¿—æˆåŸã€‚ https://bbc.in/2WjxKxbÂ 
2020-03-18 03:26:51 UTC <bbcchinese> NBAå·¨æ˜Ÿæœå…°ç‰¹ï¼ˆKevin Durantï¼‰çš„æ–°å‹å† çŠ¶ç—…æ¯’æ£€æµ‹ç»“æœå‘ˆé˜³æ€§ï¼Œå…¶æ•ˆåŠ›çš„ç¯®ç½‘é˜Ÿï¼ˆBrooklyn Netsï¼‰å¦æœ‰ä¸‰åçƒå‘˜ç¡®è¯Šã€‚çƒä¼šå‘å£°æ˜ç§°ï¼Œç›®å‰å››äººå‡åœ¨éš”ç¦»ï¼Œç”±é˜ŸåŒ»æŠ¤ç†ï¼Œå…¶ä¸­ä¸€äººå‡ºç°ç—…å¾ï¼Œå¦ä¸‰äººæš‚æ— ç—‡çŠ¶ã€‚ pic.twitter.com/gjsPxeSgke
2020-03-18 00:00:15 UTC <bbcchinese> æ–°å† è‚ºç‚ç–«æƒ…ä¸‹ï¼Œä¸­å›½å’Œè¥¿ç­ç‰™è­¦å¯Ÿå¦‚ä½•ç”¨æ— äººæœºå¹¿æ’­ï¼Œå‘¼åå¸‚æ°‘å›å®¶ï¼Ÿ pic.twitter.com/9SHvwOSo2z
2020-03-17 23:59:04 UTC <bbcchinese> è‚ºç‚ç–«æƒ…é˜´éœ¾ç¬¼ç½©è‹±å›½ï¼Œé¦–ç›¸çº¦ç¿°é€Šå‘¼åå…¬ä¼—å°½å¯èƒ½å›é¿åŠå…¬æ¥¼å’Œé¤é¥®åº—ä¹‹åï¼Œä¼¦æ•¦å¸‚ä¸­å¿ƒå¹³æ—¥çš„ç†™æ”˜ä¸å†ã€‚ https://bbc.in/2TYRggYÂ 
2020-03-17 23:30:10 UTC <bbcchinese> ä¸¤æ®µè§†é¢‘ä¸¤é‡å¤©ï¼Œä»ä¸­å¯ä»¥å“å‘³æ„å¤§åˆ©èµ°è¿‡æ€æ ·çš„å°åŸã€å°å›½å†ç¨‹ã€‚ https://bbc.in/2Qjb2l1Â 
2020-03-17 22:59:07 UTC <bbcchinese> æ–°å† è‚ºç‚ç–«æƒ…è‚†è™å…¨çƒï¼Œå±æœºç™¾å¹´ä¸é‡ï¼Œè‹±å›½æ¨å‡ºå’Œå¹³æ—¶æœŸå²æ— å‰ä¾‹çš„é˜²ç–«å’Œæ•‘å¸‚é‡‘èã€è´¢æ”¿è®¡åˆ’ã€‚ https://bbc.in/2Wos5FVÂ 
2020-03-17 22:30:04 UTC <bbcchinese> ä¸­ã€ç¾ä¹‹é—´åœ¨æ–°å† ç—…æ¯’èµ·æºé—®é¢˜ä¸Šé’ˆé”‹ç›¸å¯¹ï¼Œäº’ç›¸æŒ‡è´£ï¼Œæ˜¯ç»§ä¸­ç¾è´¸æ˜“æˆ˜ç­¾ç½²ç¬¬ä¸€é˜¶æ®µåè®®åä¸¤å›½å…³ç³»å†æ¬¡ç´§å¼ ã€‚æœ¬æ¬¡å—å½±å“çš„ä¸‰å®¶æŠ¥ç¤¾æ˜¯ã€Šçº½çº¦æ—¶æŠ¥ã€‹ã€ã€Šåç››é¡¿é‚®æŠ¥ã€‹å’Œã€Šåå°”è¡—æ—¥æŠ¥ã€‹ã€‚ https://bbc.in/2QpsLHtÂ 
2020-03-17 16:42:13 UTC <bbcchinese> ã€æœ€æ–°æ¶ˆæ¯ã€‘ä¸­å›½å®£å¸ƒå¯¹ç¾å›½â€œæ‰“å‹ä¸­å›½åª’ä½“é©»ç¾æœºæ„è¡Œä¸ºé‡‡å–ååˆ¶æªæ–½â€ï¼Œè¦æ±‚ã€Šçº½çº¦æ—¶æŠ¥ã€‹ã€ã€Šåå°”è¡—æ—¥æŠ¥ã€‹ã€ã€Šåç››é¡¿é‚®æŠ¥ã€‹å¹´åº•å‰è®°è€…è¯åˆ°æœŸçš„ç¾ç±è®°è€…åœ¨10å¤©å†…äº¤è¿˜è®°è€…è¯ï¼Œä¸å¾—ç»§ç»­åœ¨ä¸­å›½ä»äº‹è®°è€…å·¥ä½œã€‚ pic.twitter.com/WgkWexFBPb
2020-03-17 14:52:00 UTC <bbcchinese> å¬è‹±å›½ä¸“å®¶è§£é‡Šå£ç½©åˆ°åº•å¤šæœ‰æ•ˆï¼ŒçœŸè¦æˆ´ã€æ€æ ·æˆ´æ‰èƒ½èµ·ä½œç”¨ã€‚ https://bbc.in/2IVwx7aÂ 
