1270089516670427136 2020-06-08 20:25:12 UTC <Google> #DearClassof2020: "Be open … be impatient … be hopeful. If you can do that, history will remember the Class of 2020 not for what you lost, but for what you changed."   Here's CEO @SundarPichai's address to the graduating class of 2020 →  http://goo.gle/30mYU8w  pic.twitter.com/pJxNEEfB98
1270049487940190211 2020-06-08 17:46:08 UTC <Google> Hmm. Let's see what we can do to help. Please follow us and let us know when you have so we can share next steps through DM.
1270046802549575680 2020-06-08 17:35:28 UTC <Google> Hi there. Just to confirm, did you try resetting your password by completing the steps on this page:  http://g.co/help/me623 ? These tips may help:  http://g.co/help/gqq63 . Let us know.
1270042771223654402 2020-06-08 17:19:27 UTC <Google> Hi Elizabeth. Have you already tried recovering your account using the steps here:  http://g.co/help/me623 ? These tips may help:  http://g.co/help/gqq63 . Let us know.
1270041755333902342 2020-06-08 17:15:25 UTC <Google> Mind if we jump in, Henal? We'd like to move this conversation to DM. Please follow us and let us know when you have so we can share next steps.
1270040847556530176 2020-06-08 17:11:48 UTC <Google> Mind if we jump in? Just to confirm, are you still able to sign into your Google account? Let us know.
1270040019265298433 2020-06-08 17:08:31 UTC <Google> Hi there. If he sends us a tweet, we'll see what we can do to help. In the meantime, make sure he's completed the steps at  http://g.co/help/me623 .
1270037260243742720 2020-06-08 16:57:33 UTC <Google> Hi there. Let's see what we can do to help. Look out for a DM with next steps.
1270034399594151937 2020-06-08 16:46:11 UTC <Google> Hi there. Just to confirm, are you still able to sign into your account? Let us know.
1270028955576414208 2020-06-08 16:24:33 UTC <Google> Hi Vikram. Let's see what we can do to help. Look out for a DM with next steps.
1270028367157436416 2020-06-08 16:22:13 UTC <Google> Hi Ravindra. Just to confirm, are you still able to sign into your account at  http://accounts.google.com ? Let us know.
1270027010522451968 2020-06-08 16:16:49 UTC <Google> Hmm. Let's see what we can do to help. Please follow us and let us know when you have so we can share next steps through DM.
1270021543389773839 2020-06-08 15:55:06 UTC <Google> You're welcome! Feel free to reach out if you have any other Google account questions in the future.
1270019908307484675 2020-06-08 15:48:36 UTC <Google> Hi there. Just to confirm, have you already tried recovering your account by completing the steps here:  http://g.co/help/me623 ? These tips may help:  http://g.co/help/gqq63 . Let us know.
1270016506907316224 2020-06-08 15:35:05 UTC <Google> Hi, Siva. Google One is a plan for expanded storage that includes extra benefits to help you get more out of Google. You can learn more at  http://one.google.com  and let us know if you have other questions! Thanks.
1270003904730796032 2020-06-08 14:45:01 UTC <Google> Hi Sanaul. We'd like to move this conversation to DM. Please follow us and let us know when you have so we can share next steps.
1270002815549702144 2020-06-08 14:40:41 UTC <Google> Hi, there. There are some types of accounts and some countries that aren't yet eligible for Google One. Check this post for more information:  http://support.google.com/drive/thread/3244448 …. Thanks.
1270001965955780608 2020-06-08 14:37:18 UTC <Google> Hi there. We suggest adding extra layers of security to your account with these tips:  http://g.co/help/dafh6 . Hope this helps.
1269998896824160257 2020-06-08 14:25:07 UTC <Google> Hi there. Are you getting a specific error message? Without revealing your email address, give us the exact wording & we'll try and point you in the right direction. This guide may also help:  http://g.co/help/ql9py .
1269995093945208832 2020-06-08 14:10:00 UTC <Google> Hi Munnalal. We'd like to move this conversation to DM. Please follow us and let us know when you have so we can share next steps.
